2026-07-02 19:43:00,930 INFO  Logger.cs: 70 - 
--------------------------------------------------------------------------------
2026-07-02 19:43:00,963 INFO  Logger.cs: 71 - Logging commencing for SW2URDF exporter
2026-07-02 19:43:00,963 INFO  Logger.cs: 73 - Commit version 1.6.0-4-g7f85cfe
2026-07-02 19:43:00,963 INFO  Logger.cs: 74 - Build version 1.6.7995.38578
2026-07-02 19:43:00,963 INFO  SwAddin.cs: 192 - Attempting to connect to SW
2026-07-02 19:43:00,963 INFO  SwAddin.cs: 197 - Setting up callbacks
2026-07-02 19:43:00,963 INFO  SwAddin.cs: 201 - Setting up command manager
2026-07-02 19:43:00,963 INFO  SwAddin.cs: 204 - Adding command manager
2026-07-02 19:43:00,963 INFO  SwAddin.cs: 263 - Adding Assembly export to file menu
2026-07-02 19:43:00,963 INFO  SwAddin.cs: 272 - Adding Part export to file menu
2026-07-02 19:43:00,963 INFO  SwAddin.cs: 210 - Adding event handlers
2026-07-02 19:43:00,979 INFO  SwAddin.cs: 217 - Connecting plugin to SolidWorks
2026-07-02 19:43:27,565 INFO  SwAddin.cs: 294 - Assembly export called for file 总装.SLDASM
2026-07-02 19:43:29,058 INFO  SwAddin.cs: 313 - Saving assembly
2026-07-02 19:43:29,402 INFO  SwAddin.cs: 316 - Opening property manager
2026-07-02 19:43:29,421 INFO  ExportHelperExtension.cs: 1125 - Retrieving features of type [CoordSys] from 总装.SLDASM
2026-07-02 19:43:29,429 INFO  ExportHelperExtension.cs: 1136 - Found 46 in 总装.SLDASM
2026-07-02 19:43:29,429 INFO  ExportHelperExtension.cs: 1145 - Found 0 features of type [CoordSys] in 总装.SLDASM
2026-07-02 19:43:29,431 INFO  ExportHelperExtension.cs: 1148 - Proceeding through assembly components
2026-07-02 19:43:29,431 INFO  ExportHelperExtension.cs: 1160 - 6 components to check
2026-07-02 19:43:29,433 INFO  ExportHelperExtension.cs: 1125 - Retrieving features of type [CoordSys] from 右船体-1
2026-07-02 19:43:29,435 INFO  ExportHelperExtension.cs: 1136 - Found 39 in 右船体-1
2026-07-02 19:43:29,437 INFO  ExportHelperExtension.cs: 1145 - Found 0 features of type [CoordSys] in 右船体-1
2026-07-02 19:43:29,437 INFO  ExportHelperExtension.cs: 1125 - Retrieving features of type [CoordSys] from 中间连接件A-1
2026-07-02 19:43:29,438 INFO  ExportHelperExtension.cs: 1136 - Found 40 in 中间连接件A-1
2026-07-02 19:43:29,439 INFO  ExportHelperExtension.cs: 1145 - Found 0 features of type [CoordSys] in 中间连接件A-1
2026-07-02 19:43:29,439 INFO  ExportHelperExtension.cs: 1125 - Retrieving features of type [CoordSys] from 左船体-1
2026-07-02 19:43:29,439 INFO  ExportHelperExtension.cs: 1136 - Found 39 in 左船体-1
2026-07-02 19:43:29,441 INFO  ExportHelperExtension.cs: 1145 - Found 0 features of type [CoordSys] in 左船体-1
2026-07-02 19:43:29,441 INFO  ExportHelperExtension.cs: 1125 - Retrieving features of type [CoordSys] from 激光雷达连接件-1
2026-07-02 19:43:29,441 INFO  ExportHelperExtension.cs: 1136 - Found 36 in 激光雷达连接件-1
2026-07-02 19:43:29,442 INFO  ExportHelperExtension.cs: 1145 - Found 0 features of type [CoordSys] in 激光雷达连接件-1
2026-07-02 19:43:29,442 INFO  ExportHelperExtension.cs: 1125 - Retrieving features of type [CoordSys] from x2激光雷达-1
2026-07-02 19:43:29,442 INFO  ExportHelperExtension.cs: 1136 - Found 23 in x2激光雷达-1
2026-07-02 19:43:29,444 INFO  ExportHelperExtension.cs: 1145 - Found 0 features of type [CoordSys] in x2激光雷达-1
2026-07-02 19:43:29,444 INFO  ExportHelperExtension.cs: 1125 - Retrieving features of type [CoordSys] from 中间连接件A2-1
2026-07-02 19:43:29,444 INFO  ExportHelperExtension.cs: 1136 - Found 40 in 中间连接件A2-1
2026-07-02 19:43:29,444 INFO  ExportHelperExtension.cs: 1145 - Found 0 features of type [CoordSys] in 中间连接件A2-1
2026-07-02 19:43:29,446 INFO  ExportHelperExtension.cs: 1125 - Retrieving features of type [RefAxis] from 总装.SLDASM
2026-07-02 19:43:29,446 INFO  ExportHelperExtension.cs: 1136 - Found 46 in 总装.SLDASM
2026-07-02 19:43:29,448 INFO  ExportHelperExtension.cs: 1145 - Found 0 features of type [RefAxis] in 总装.SLDASM
2026-07-02 19:43:29,448 INFO  ExportHelperExtension.cs: 1148 - Proceeding through assembly components
2026-07-02 19:43:29,448 INFO  ExportHelperExtension.cs: 1160 - 6 components to check
2026-07-02 19:43:29,448 INFO  ExportHelperExtension.cs: 1125 - Retrieving features of type [RefAxis] from 右船体-1
2026-07-02 19:43:29,450 INFO  ExportHelperExtension.cs: 1136 - Found 39 in 右船体-1
2026-07-02 19:43:29,450 INFO  ExportHelperExtension.cs: 1145 - Found 0 features of type [RefAxis] in 右船体-1
2026-07-02 19:43:29,450 INFO  ExportHelperExtension.cs: 1125 - Retrieving features of type [RefAxis] from 中间连接件A-1
2026-07-02 19:43:29,450 INFO  ExportHelperExtension.cs: 1136 - Found 40 in 中间连接件A-1
2026-07-02 19:43:29,452 INFO  ExportHelperExtension.cs: 1145 - Found 0 features of type [RefAxis] in 中间连接件A-1
2026-07-02 19:43:29,452 INFO  ExportHelperExtension.cs: 1125 - Retrieving features of type [RefAxis] from 左船体-1
2026-07-02 19:43:29,453 INFO  ExportHelperExtension.cs: 1136 - Found 39 in 左船体-1
2026-07-02 19:43:29,453 INFO  ExportHelperExtension.cs: 1145 - Found 0 features of type [RefAxis] in 左船体-1
2026-07-02 19:43:29,453 INFO  ExportHelperExtension.cs: 1125 - Retrieving features of type [RefAxis] from 激光雷达连接件-1
2026-07-02 19:43:29,453 INFO  ExportHelperExtension.cs: 1136 - Found 36 in 激光雷达连接件-1
2026-07-02 19:43:29,455 INFO  ExportHelperExtension.cs: 1145 - Found 0 features of type [RefAxis] in 激光雷达连接件-1
2026-07-02 19:43:29,455 INFO  ExportHelperExtension.cs: 1125 - Retrieving features of type [RefAxis] from x2激光雷达-1
2026-07-02 19:43:29,456 INFO  ExportHelperExtension.cs: 1136 - Found 23 in x2激光雷达-1
2026-07-02 19:43:29,456 INFO  ExportHelperExtension.cs: 1145 - Found 0 features of type [RefAxis] in x2激光雷达-1
2026-07-02 19:43:29,456 INFO  ExportHelperExtension.cs: 1125 - Retrieving features of type [RefAxis] from 中间连接件A2-1
2026-07-02 19:43:29,456 INFO  ExportHelperExtension.cs: 1136 - Found 40 in 中间连接件A2-1
2026-07-02 19:43:29,456 INFO  ExportHelperExtension.cs: 1145 - Found 0 features of type [RefAxis] in 中间连接件A2-1
2026-07-02 19:43:29,646 INFO  SwAddin.cs: 339 - Loading config tree
2026-07-02 19:43:29,653 INFO  ExportPropertyManagerExtension.cs: 520 - Starting new configuration
2026-07-02 19:43:29,657 INFO  SwAddin.cs: 344 - Showing property manager
2026-07-02 19:43:46,072 INFO  ExportPropertyManager.cs: 416 - Configuration canceled
2026-07-02 19:43:46,116 INFO  ExportPropertyManager.cs: 1142 - AfterClose called. This method no longer throws an Exception. It just silently does nothing. Ok, except for this logging message
2026-07-02 19:44:04,684 INFO  SwAddin.cs: 294 - Assembly export called for file 总装.SLDASM
2026-07-02 19:44:06,165 INFO  SwAddin.cs: 313 - Saving assembly
2026-07-02 19:44:06,410 INFO  SwAddin.cs: 316 - Opening property manager
2026-07-02 19:44:06,410 INFO  ExportHelperExtension.cs: 1125 - Retrieving features of type [CoordSys] from 总装.SLDASM
2026-07-02 19:44:06,412 INFO  ExportHelperExtension.cs: 1136 - Found 46 in 总装.SLDASM
2026-07-02 19:44:06,412 INFO  ExportHelperExtension.cs: 1145 - Found 0 features of type [CoordSys] in 总装.SLDASM
2026-07-02 19:44:06,412 INFO  ExportHelperExtension.cs: 1148 - Proceeding through assembly components
2026-07-02 19:44:06,414 INFO  ExportHelperExtension.cs: 1160 - 6 components to check
2026-07-02 19:44:06,414 INFO  ExportHelperExtension.cs: 1125 - Retrieving features of type [CoordSys] from 右船体-1
2026-07-02 19:44:06,414 INFO  ExportHelperExtension.cs: 1136 - Found 39 in 右船体-1
2026-07-02 19:44:06,414 INFO  ExportHelperExtension.cs: 1145 - Found 0 features of type [CoordSys] in 右船体-1
2026-07-02 19:44:06,416 INFO  ExportHelperExtension.cs: 1125 - Retrieving features of type [CoordSys] from 中间连接件A-1
2026-07-02 19:44:06,416 INFO  ExportHelperExtension.cs: 1136 - Found 40 in 中间连接件A-1
2026-07-02 19:44:06,417 INFO  ExportHelperExtension.cs: 1145 - Found 0 features of type [CoordSys] in 中间连接件A-1
2026-07-02 19:44:06,418 INFO  ExportHelperExtension.cs: 1125 - Retrieving features of type [CoordSys] from 左船体-1
2026-07-02 19:44:06,419 INFO  ExportHelperExtension.cs: 1136 - Found 39 in 左船体-1
2026-07-02 19:44:06,419 INFO  ExportHelperExtension.cs: 1145 - Found 0 features of type [CoordSys] in 左船体-1
2026-07-02 19:44:06,420 INFO  ExportHelperExtension.cs: 1125 - Retrieving features of type [CoordSys] from 激光雷达连接件-1
2026-07-02 19:44:06,420 INFO  ExportHelperExtension.cs: 1136 - Found 36 in 激光雷达连接件-1
2026-07-02 19:44:06,420 INFO  ExportHelperExtension.cs: 1145 - Found 0 features of type [CoordSys] in 激光雷达连接件-1
2026-07-02 19:44:06,420 INFO  ExportHelperExtension.cs: 1125 - Retrieving features of type [CoordSys] from x2激光雷达-1
2026-07-02 19:44:06,422 INFO  ExportHelperExtension.cs: 1136 - Found 23 in x2激光雷达-1
2026-07-02 19:44:06,422 INFO  ExportHelperExtension.cs: 1145 - Found 0 features of type [CoordSys] in x2激光雷达-1
2026-07-02 19:44:06,422 INFO  ExportHelperExtension.cs: 1125 - Retrieving features of type [CoordSys] from 中间连接件A2-1
2026-07-02 19:44:06,424 INFO  ExportHelperExtension.cs: 1136 - Found 40 in 中间连接件A2-1
2026-07-02 19:44:06,424 INFO  ExportHelperExtension.cs: 1145 - Found 0 features of type [CoordSys] in 中间连接件A2-1
2026-07-02 19:44:06,425 INFO  ExportHelperExtension.cs: 1125 - Retrieving features of type [RefAxis] from 总装.SLDASM
2026-07-02 19:44:06,425 INFO  ExportHelperExtension.cs: 1136 - Found 46 in 总装.SLDASM
2026-07-02 19:44:06,425 INFO  ExportHelperExtension.cs: 1145 - Found 0 features of type [RefAxis] in 总装.SLDASM
2026-07-02 19:44:06,427 INFO  ExportHelperExtension.cs: 1148 - Proceeding through assembly components
2026-07-02 19:44:06,427 INFO  ExportHelperExtension.cs: 1160 - 6 components to check
2026-07-02 19:44:06,427 INFO  ExportHelperExtension.cs: 1125 - Retrieving features of type [RefAxis] from 右船体-1
2026-07-02 19:44:06,428 INFO  ExportHelperExtension.cs: 1136 - Found 39 in 右船体-1
2026-07-02 19:44:06,428 INFO  ExportHelperExtension.cs: 1145 - Found 0 features of type [RefAxis] in 右船体-1
2026-07-02 19:44:06,428 INFO  ExportHelperExtension.cs: 1125 - Retrieving features of type [RefAxis] from 中间连接件A-1
2026-07-02 19:44:06,428 INFO  ExportHelperExtension.cs: 1136 - Found 40 in 中间连接件A-1
2026-07-02 19:44:06,430 INFO  ExportHelperExtension.cs: 1145 - Found 0 features of type [RefAxis] in 中间连接件A-1
2026-07-02 19:44:06,430 INFO  ExportHelperExtension.cs: 1125 - Retrieving features of type [RefAxis] from 左船体-1
2026-07-02 19:44:06,430 INFO  ExportHelperExtension.cs: 1136 - Found 39 in 左船体-1
2026-07-02 19:44:06,430 INFO  ExportHelperExtension.cs: 1145 - Found 0 features of type [RefAxis] in 左船体-1
2026-07-02 19:44:06,432 INFO  ExportHelperExtension.cs: 1125 - Retrieving features of type [RefAxis] from 激光雷达连接件-1
2026-07-02 19:44:06,432 INFO  ExportHelperExtension.cs: 1136 - Found 36 in 激光雷达连接件-1
2026-07-02 19:44:06,432 INFO  ExportHelperExtension.cs: 1145 - Found 0 features of type [RefAxis] in 激光雷达连接件-1
2026-07-02 19:44:06,433 INFO  ExportHelperExtension.cs: 1125 - Retrieving features of type [RefAxis] from x2激光雷达-1
2026-07-02 19:44:06,433 INFO  ExportHelperExtension.cs: 1136 - Found 23 in x2激光雷达-1
2026-07-02 19:44:06,435 INFO  ExportHelperExtension.cs: 1145 - Found 0 features of type [RefAxis] in x2激光雷达-1
2026-07-02 19:44:06,435 INFO  ExportHelperExtension.cs: 1125 - Retrieving features of type [RefAxis] from 中间连接件A2-1
2026-07-02 19:44:06,435 INFO  ExportHelperExtension.cs: 1136 - Found 40 in 中间连接件A2-1
2026-07-02 19:44:06,435 INFO  ExportHelperExtension.cs: 1145 - Found 0 features of type [RefAxis] in 中间连接件A2-1
2026-07-02 19:44:06,490 INFO  SwAddin.cs: 339 - Loading config tree
2026-07-02 19:44:06,493 INFO  ExportPropertyManagerExtension.cs: 520 - Starting new configuration
2026-07-02 19:44:06,503 INFO  SwAddin.cs: 344 - Showing property manager
2026-07-02 19:44:47,877 INFO  ExportPropertyManager.cs: 1018 - OnComboboxSelectionChanged called. This method no longer throws an Exception. It just silently does nothing. Ok, except for this logging message
2026-07-02 19:45:04,995 INFO  ExportPropertyManager.cs: 1018 - OnComboboxSelectionChanged called. This method no longer throws an Exception. It just silently does nothing. Ok, except for this logging message
2026-07-02 19:45:23,535 INFO  ExportPropertyManager.cs: 1136 - OnNumberBoxTrackingCompleted called. This method no longer throws an Exception. It just silently does nothing. Ok, except for this logging message
2026-07-02 19:45:23,555 INFO  ExportPropertyManager.cs: 1136 - OnNumberBoxTrackingCompleted called. This method no longer throws an Exception. It just silently does nothing. Ok, except for this logging message
2026-07-02 19:45:23,588 INFO  ExportPropertyManager.cs: 1136 - OnNumberBoxTrackingCompleted called. This method no longer throws an Exception. It just silently does nothing. Ok, except for this logging message
2026-07-02 19:45:25,163 INFO  ExportPropertyManager.cs: 416 - Configuration canceled
2026-07-02 19:45:25,211 INFO  ExportPropertyManager.cs: 1142 - AfterClose called. This method no longer throws an Exception. It just silently does nothing. Ok, except for this logging message
2026-07-02 19:45:42,260 INFO  SwAddin.cs: 294 - Assembly export called for file 总装.SLDASM
2026-07-02 19:45:44,955 INFO  SwAddin.cs: 313 - Saving assembly
2026-07-02 19:45:45,244 INFO  SwAddin.cs: 316 - Opening property manager
2026-07-02 19:45:45,244 INFO  ExportHelperExtension.cs: 1125 - Retrieving features of type [CoordSys] from 总装.SLDASM
2026-07-02 19:45:45,246 INFO  ExportHelperExtension.cs: 1136 - Found 46 in 总装.SLDASM
2026-07-02 19:45:45,246 INFO  ExportHelperExtension.cs: 1145 - Found 0 features of type [CoordSys] in 总装.SLDASM
2026-07-02 19:45:45,246 INFO  ExportHelperExtension.cs: 1148 - Proceeding through assembly components
2026-07-02 19:45:45,246 INFO  ExportHelperExtension.cs: 1160 - 6 components to check
2026-07-02 19:45:45,248 INFO  ExportHelperExtension.cs: 1125 - Retrieving features of type [CoordSys] from 右船体-1
2026-07-02 19:45:45,248 INFO  ExportHelperExtension.cs: 1136 - Found 39 in 右船体-1
2026-07-02 19:45:45,249 INFO  ExportHelperExtension.cs: 1145 - Found 0 features of type [CoordSys] in 右船体-1
2026-07-02 19:45:45,250 INFO  ExportHelperExtension.cs: 1125 - Retrieving features of type [CoordSys] from 中间连接件A-1
2026-07-02 19:45:45,250 INFO  ExportHelperExtension.cs: 1136 - Found 40 in 中间连接件A-1
2026-07-02 19:45:45,252 INFO  ExportHelperExtension.cs: 1145 - Found 0 features of type [CoordSys] in 中间连接件A-1
2026-07-02 19:45:45,252 INFO  ExportHelperExtension.cs: 1125 - Retrieving features of type [CoordSys] from 左船体-1
2026-07-02 19:45:45,254 INFO  ExportHelperExtension.cs: 1136 - Found 39 in 左船体-1
2026-07-02 19:45:45,256 INFO  ExportHelperExtension.cs: 1145 - Found 0 features of type [CoordSys] in 左船体-1
2026-07-02 19:45:45,256 INFO  ExportHelperExtension.cs: 1125 - Retrieving features of type [CoordSys] from 激光雷达连接件-1
2026-07-02 19:45:45,258 INFO  ExportHelperExtension.cs: 1136 - Found 36 in 激光雷达连接件-1
2026-07-02 19:45:45,259 INFO  ExportHelperExtension.cs: 1145 - Found 0 features of type [CoordSys] in 激光雷达连接件-1
2026-07-02 19:45:45,260 INFO  ExportHelperExtension.cs: 1125 - Retrieving features of type [CoordSys] from x2激光雷达-1
2026-07-02 19:45:45,260 INFO  ExportHelperExtension.cs: 1136 - Found 23 in x2激光雷达-1
2026-07-02 19:45:45,261 INFO  ExportHelperExtension.cs: 1145 - Found 0 features of type [CoordSys] in x2激光雷达-1
2026-07-02 19:45:45,261 INFO  ExportHelperExtension.cs: 1125 - Retrieving features of type [CoordSys] from 中间连接件A2-1
2026-07-02 19:45:45,262 INFO  ExportHelperExtension.cs: 1136 - Found 40 in 中间连接件A2-1
2026-07-02 19:45:45,263 INFO  ExportHelperExtension.cs: 1145 - Found 0 features of type [CoordSys] in 中间连接件A2-1
2026-07-02 19:45:45,263 INFO  ExportHelperExtension.cs: 1125 - Retrieving features of type [RefAxis] from 总装.SLDASM
2026-07-02 19:45:45,264 INFO  ExportHelperExtension.cs: 1136 - Found 46 in 总装.SLDASM
2026-07-02 19:45:45,264 INFO  ExportHelperExtension.cs: 1145 - Found 0 features of type [RefAxis] in 总装.SLDASM
2026-07-02 19:45:45,265 INFO  ExportHelperExtension.cs: 1148 - Proceeding through assembly components
2026-07-02 19:45:45,265 INFO  ExportHelperExtension.cs: 1160 - 6 components to check
2026-07-02 19:45:45,265 INFO  ExportHelperExtension.cs: 1125 - Retrieving features of type [RefAxis] from 右船体-1
2026-07-02 19:45:45,267 INFO  ExportHelperExtension.cs: 1136 - Found 39 in 右船体-1
2026-07-02 19:45:45,267 INFO  ExportHelperExtension.cs: 1145 - Found 0 features of type [RefAxis] in 右船体-1
2026-07-02 19:45:45,268 INFO  ExportHelperExtension.cs: 1125 - Retrieving features of type [RefAxis] from 中间连接件A-1
2026-07-02 19:45:45,269 INFO  ExportHelperExtension.cs: 1136 - Found 40 in 中间连接件A-1
2026-07-02 19:45:45,270 INFO  ExportHelperExtension.cs: 1145 - Found 0 features of type [RefAxis] in 中间连接件A-1
2026-07-02 19:45:45,270 INFO  ExportHelperExtension.cs: 1125 - Retrieving features of type [RefAxis] from 左船体-1
2026-07-02 19:45:45,270 INFO  ExportHelperExtension.cs: 1136 - Found 39 in 左船体-1
2026-07-02 19:45:45,271 INFO  ExportHelperExtension.cs: 1145 - Found 0 features of type [RefAxis] in 左船体-1
2026-07-02 19:45:45,271 INFO  ExportHelperExtension.cs: 1125 - Retrieving features of type [RefAxis] from 激光雷达连接件-1
2026-07-02 19:45:45,272 INFO  ExportHelperExtension.cs: 1136 - Found 36 in 激光雷达连接件-1
2026-07-02 19:45:45,272 INFO  ExportHelperExtension.cs: 1145 - Found 0 features of type [RefAxis] in 激光雷达连接件-1
2026-07-02 19:45:45,272 INFO  ExportHelperExtension.cs: 1125 - Retrieving features of type [RefAxis] from x2激光雷达-1
2026-07-02 19:45:45,274 INFO  ExportHelperExtension.cs: 1136 - Found 23 in x2激光雷达-1
2026-07-02 19:45:45,274 INFO  ExportHelperExtension.cs: 1145 - Found 0 features of type [RefAxis] in x2激光雷达-1
2026-07-02 19:45:45,276 INFO  ExportHelperExtension.cs: 1125 - Retrieving features of type [RefAxis] from 中间连接件A2-1
2026-07-02 19:45:45,277 INFO  ExportHelperExtension.cs: 1136 - Found 40 in 中间连接件A2-1
2026-07-02 19:45:45,277 INFO  ExportHelperExtension.cs: 1145 - Found 0 features of type [RefAxis] in 中间连接件A2-1
2026-07-02 19:45:45,330 INFO  SwAddin.cs: 339 - Loading config tree
2026-07-02 19:45:45,330 INFO  ExportPropertyManagerExtension.cs: 520 - Starting new configuration
2026-07-02 19:45:45,334 INFO  SwAddin.cs: 344 - Showing property manager
2026-07-02 19:46:18,239 INFO  ExportPropertyManager.cs: 422 - Configuration saved
2026-07-02 19:46:21,178 INFO  ExportHelperExtension.cs: 1125 - Retrieving features of type [CoordSys] from 总装.SLDASM
2026-07-02 19:46:21,182 INFO  ExportHelperExtension.cs: 1136 - Found 49 in 总装.SLDASM
2026-07-02 19:46:21,182 INFO  ExportHelperExtension.cs: 1145 - Found 1 features of type [CoordSys] in 总装.SLDASM
2026-07-02 19:46:21,182 INFO  ExportHelperExtension.cs: 1148 - Proceeding through assembly components
2026-07-02 19:46:21,184 INFO  ExportHelperExtension.cs: 1160 - 6 components to check
2026-07-02 19:46:21,184 INFO  ExportHelperExtension.cs: 1125 - Retrieving features of type [CoordSys] from 右船体-1
2026-07-02 19:46:21,184 INFO  ExportHelperExtension.cs: 1136 - Found 39 in 右船体-1
2026-07-02 19:46:21,184 INFO  ExportHelperExtension.cs: 1145 - Found 0 features of type [CoordSys] in 右船体-1
2026-07-02 19:46:21,184 INFO  ExportHelperExtension.cs: 1125 - Retrieving features of type [CoordSys] from 中间连接件A-1
2026-07-02 19:46:21,184 INFO  ExportHelperExtension.cs: 1136 - Found 40 in 中间连接件A-1
2026-07-02 19:46:21,186 INFO  ExportHelperExtension.cs: 1145 - Found 0 features of type [CoordSys] in 中间连接件A-1
2026-07-02 19:46:21,186 INFO  ExportHelperExtension.cs: 1125 - Retrieving features of type [CoordSys] from 左船体-1
2026-07-02 19:46:21,186 INFO  ExportHelperExtension.cs: 1136 - Found 39 in 左船体-1
2026-07-02 19:46:21,186 INFO  ExportHelperExtension.cs: 1145 - Found 0 features of type [CoordSys] in 左船体-1
2026-07-02 19:46:21,186 INFO  ExportHelperExtension.cs: 1125 - Retrieving features of type [CoordSys] from 激光雷达连接件-1
2026-07-02 19:46:21,188 INFO  ExportHelperExtension.cs: 1136 - Found 36 in 激光雷达连接件-1
2026-07-02 19:46:21,188 INFO  ExportHelperExtension.cs: 1145 - Found 0 features of type [CoordSys] in 激光雷达连接件-1
2026-07-02 19:46:21,188 INFO  ExportHelperExtension.cs: 1125 - Retrieving features of type [CoordSys] from x2激光雷达-1
2026-07-02 19:46:21,188 INFO  ExportHelperExtension.cs: 1136 - Found 23 in x2激光雷达-1
2026-07-02 19:46:21,188 INFO  ExportHelperExtension.cs: 1145 - Found 0 features of type [CoordSys] in x2激光雷达-1
2026-07-02 19:46:21,192 INFO  ExportHelperExtension.cs: 1125 - Retrieving features of type [CoordSys] from 中间连接件A2-1
2026-07-02 19:46:21,228 INFO  ExportHelperExtension.cs: 1136 - Found 40 in 中间连接件A2-1
2026-07-02 19:46:21,231 INFO  ExportHelperExtension.cs: 1145 - Found 0 features of type [CoordSys] in 中间连接件A2-1
2026-07-02 19:46:21,231 INFO  ExportHelperExtension.cs: 1125 - Retrieving features of type [RefAxis] from 总装.SLDASM
2026-07-02 19:46:21,231 INFO  ExportHelperExtension.cs: 1136 - Found 49 in 总装.SLDASM
2026-07-02 19:46:21,231 INFO  ExportHelperExtension.cs: 1145 - Found 0 features of type [RefAxis] in 总装.SLDASM
2026-07-02 19:46:21,233 INFO  ExportHelperExtension.cs: 1148 - Proceeding through assembly components
2026-07-02 19:46:21,233 INFO  ExportHelperExtension.cs: 1160 - 6 components to check
2026-07-02 19:46:21,233 INFO  ExportHelperExtension.cs: 1125 - Retrieving features of type [RefAxis] from 右船体-1
2026-07-02 19:46:21,233 INFO  ExportHelperExtension.cs: 1136 - Found 39 in 右船体-1
2026-07-02 19:46:21,233 INFO  ExportHelperExtension.cs: 1145 - Found 0 features of type [RefAxis] in 右船体-1
2026-07-02 19:46:21,233 INFO  ExportHelperExtension.cs: 1125 - Retrieving features of type [RefAxis] from 中间连接件A-1
2026-07-02 19:46:21,233 INFO  ExportHelperExtension.cs: 1136 - Found 40 in 中间连接件A-1
2026-07-02 19:46:21,233 INFO  ExportHelperExtension.cs: 1145 - Found 0 features of type [RefAxis] in 中间连接件A-1
2026-07-02 19:46:21,233 INFO  ExportHelperExtension.cs: 1125 - Retrieving features of type [RefAxis] from 左船体-1
2026-07-02 19:46:21,233 INFO  ExportHelperExtension.cs: 1136 - Found 39 in 左船体-1
2026-07-02 19:46:21,233 INFO  ExportHelperExtension.cs: 1145 - Found 0 features of type [RefAxis] in 左船体-1
2026-07-02 19:46:21,233 INFO  ExportHelperExtension.cs: 1125 - Retrieving features of type [RefAxis] from 激光雷达连接件-1
2026-07-02 19:46:21,233 INFO  ExportHelperExtension.cs: 1136 - Found 36 in 激光雷达连接件-1
2026-07-02 19:46:21,233 INFO  ExportHelperExtension.cs: 1145 - Found 0 features of type [RefAxis] in 激光雷达连接件-1
2026-07-02 19:46:21,233 INFO  ExportHelperExtension.cs: 1125 - Retrieving features of type [RefAxis] from x2激光雷达-1
2026-07-02 19:46:21,233 INFO  ExportHelperExtension.cs: 1136 - Found 23 in x2激光雷达-1
2026-07-02 19:46:21,233 INFO  ExportHelperExtension.cs: 1145 - Found 0 features of type [RefAxis] in x2激光雷达-1
2026-07-02 19:46:21,233 INFO  ExportHelperExtension.cs: 1125 - Retrieving features of type [RefAxis] from 中间连接件A2-1
2026-07-02 19:46:21,233 INFO  ExportHelperExtension.cs: 1136 - Found 40 in 中间连接件A2-1
2026-07-02 19:46:21,241 INFO  ExportHelperExtension.cs: 1145 - Found 0 features of type [RefAxis] in 中间连接件A2-1
2026-07-02 19:46:21,294 INFO  ExportPropertyManager.cs: 1142 - AfterClose called. This method no longer throws an Exception. It just silently does nothing. Ok, except for this logging message
2026-07-02 19:50:53,386 INFO  SwAddin.cs: 294 - Assembly export called for file 总装.SLDASM
2026-07-02 19:50:53,386 INFO  SwAddin.cs: 299 - Save is required
2026-07-02 19:50:53,386 INFO  SwAddin.cs: 313 - Saving assembly
2026-07-02 19:50:53,746 INFO  SwAddin.cs: 316 - Opening property manager
2026-07-02 19:50:53,747 INFO  ExportHelperExtension.cs: 1125 - Retrieving features of type [CoordSys] from 总装.SLDASM
2026-07-02 19:50:53,748 INFO  ExportHelperExtension.cs: 1136 - Found 46 in 总装.SLDASM
2026-07-02 19:50:53,748 INFO  ExportHelperExtension.cs: 1145 - Found 0 features of type [CoordSys] in 总装.SLDASM
2026-07-02 19:50:53,750 INFO  ExportHelperExtension.cs: 1148 - Proceeding through assembly components
2026-07-02 19:50:53,792 INFO  ExportHelperExtension.cs: 1160 - 6 components to check
2026-07-02 19:50:53,792 INFO  ExportHelperExtension.cs: 1125 - Retrieving features of type [CoordSys] from 右船体-1
2026-07-02 19:50:53,793 INFO  ExportHelperExtension.cs: 1136 - Found 39 in 右船体-1
2026-07-02 19:50:53,793 INFO  ExportHelperExtension.cs: 1145 - Found 0 features of type [CoordSys] in 右船体-1
2026-07-02 19:50:53,793 INFO  ExportHelperExtension.cs: 1125 - Retrieving features of type [CoordSys] from 中间连接件A-1
2026-07-02 19:50:53,796 INFO  ExportHelperExtension.cs: 1136 - Found 40 in 中间连接件A-1
2026-07-02 19:50:53,796 INFO  ExportHelperExtension.cs: 1145 - Found 0 features of type [CoordSys] in 中间连接件A-1
2026-07-02 19:50:53,797 INFO  ExportHelperExtension.cs: 1125 - Retrieving features of type [CoordSys] from 左船体-1
2026-07-02 19:50:53,797 INFO  ExportHelperExtension.cs: 1136 - Found 39 in 左船体-1
2026-07-02 19:50:53,798 INFO  ExportHelperExtension.cs: 1145 - Found 0 features of type [CoordSys] in 左船体-1
2026-07-02 19:50:53,798 INFO  ExportHelperExtension.cs: 1125 - Retrieving features of type [CoordSys] from 激光雷达连接件-1
2026-07-02 19:50:53,799 INFO  ExportHelperExtension.cs: 1136 - Found 36 in 激光雷达连接件-1
2026-07-02 19:50:53,799 INFO  ExportHelperExtension.cs: 1145 - Found 0 features of type [CoordSys] in 激光雷达连接件-1
2026-07-02 19:50:53,800 INFO  ExportHelperExtension.cs: 1125 - Retrieving features of type [CoordSys] from x2激光雷达-1
2026-07-02 19:50:53,802 INFO  ExportHelperExtension.cs: 1136 - Found 23 in x2激光雷达-1
2026-07-02 19:50:53,802 INFO  ExportHelperExtension.cs: 1145 - Found 0 features of type [CoordSys] in x2激光雷达-1
2026-07-02 19:50:53,802 INFO  ExportHelperExtension.cs: 1125 - Retrieving features of type [CoordSys] from 中间连接件A2-1
2026-07-02 19:50:53,804 INFO  ExportHelperExtension.cs: 1136 - Found 40 in 中间连接件A2-1
2026-07-02 19:50:53,804 INFO  ExportHelperExtension.cs: 1145 - Found 0 features of type [CoordSys] in 中间连接件A2-1
2026-07-02 19:50:53,805 INFO  ExportHelperExtension.cs: 1125 - Retrieving features of type [RefAxis] from 总装.SLDASM
2026-07-02 19:50:53,806 INFO  ExportHelperExtension.cs: 1136 - Found 46 in 总装.SLDASM
2026-07-02 19:50:53,806 INFO  ExportHelperExtension.cs: 1145 - Found 0 features of type [RefAxis] in 总装.SLDASM
2026-07-02 19:50:53,806 INFO  ExportHelperExtension.cs: 1148 - Proceeding through assembly components
2026-07-02 19:50:53,807 INFO  ExportHelperExtension.cs: 1160 - 6 components to check
2026-07-02 19:50:53,807 INFO  ExportHelperExtension.cs: 1125 - Retrieving features of type [RefAxis] from 右船体-1
2026-07-02 19:50:53,808 INFO  ExportHelperExtension.cs: 1136 - Found 39 in 右船体-1
2026-07-02 19:50:53,809 INFO  ExportHelperExtension.cs: 1145 - Found 0 features of type [RefAxis] in 右船体-1
2026-07-02 19:50:53,809 INFO  ExportHelperExtension.cs: 1125 - Retrieving features of type [RefAxis] from 中间连接件A-1
2026-07-02 19:50:53,809 INFO  ExportHelperExtension.cs: 1136 - Found 40 in 中间连接件A-1
2026-07-02 19:50:53,811 INFO  ExportHelperExtension.cs: 1145 - Found 0 features of type [RefAxis] in 中间连接件A-1
2026-07-02 19:50:53,811 INFO  ExportHelperExtension.cs: 1125 - Retrieving features of type [RefAxis] from 左船体-1
2026-07-02 19:50:53,811 INFO  ExportHelperExtension.cs: 1136 - Found 39 in 左船体-1
2026-07-02 19:50:53,811 INFO  ExportHelperExtension.cs: 1145 - Found 0 features of type [RefAxis] in 左船体-1
2026-07-02 19:50:53,811 INFO  ExportHelperExtension.cs: 1125 - Retrieving features of type [RefAxis] from 激光雷达连接件-1
2026-07-02 19:50:53,813 INFO  ExportHelperExtension.cs: 1136 - Found 36 in 激光雷达连接件-1
2026-07-02 19:50:53,813 INFO  ExportHelperExtension.cs: 1145 - Found 0 features of type [RefAxis] in 激光雷达连接件-1
2026-07-02 19:50:53,813 INFO  ExportHelperExtension.cs: 1125 - Retrieving features of type [RefAxis] from x2激光雷达-1
2026-07-02 19:50:53,813 INFO  ExportHelperExtension.cs: 1136 - Found 23 in x2激光雷达-1
2026-07-02 19:50:53,815 INFO  ExportHelperExtension.cs: 1145 - Found 0 features of type [RefAxis] in x2激光雷达-1
2026-07-02 19:50:53,815 INFO  ExportHelperExtension.cs: 1125 - Retrieving features of type [RefAxis] from 中间连接件A2-1
2026-07-02 19:50:53,815 INFO  ExportHelperExtension.cs: 1136 - Found 40 in 中间连接件A2-1
2026-07-02 19:50:53,816 INFO  ExportHelperExtension.cs: 1145 - Found 0 features of type [RefAxis] in 中间连接件A2-1
2026-07-02 19:50:53,978 INFO  SwAddin.cs: 339 - Loading config tree
2026-07-02 19:50:53,978 INFO  ExportPropertyManagerExtension.cs: 520 - Starting new configuration
2026-07-02 19:50:53,987 INFO  SwAddin.cs: 344 - Showing property manager
2026-07-02 20:04:40,403 INFO  ExportPropertyManager.cs: 416 - Configuration canceled
2026-07-02 20:04:40,473 INFO  ExportPropertyManager.cs: 1142 - AfterClose called. This method no longer throws an Exception. It just silently does nothing. Ok, except for this logging message
2026-07-02 20:07:15,525 INFO  SwAddin.cs: 294 - Assembly export called for file 总装.SLDASM
2026-07-02 20:07:17,198 INFO  SwAddin.cs: 313 - Saving assembly
2026-07-02 20:07:17,469 INFO  SwAddin.cs: 316 - Opening property manager
2026-07-02 20:07:17,476 INFO  ExportHelperExtension.cs: 1125 - Retrieving features of type [CoordSys] from 总装.SLDASM
2026-07-02 20:07:17,477 INFO  ExportHelperExtension.cs: 1136 - Found 48 in 总装.SLDASM
2026-07-02 20:07:17,478 INFO  ExportHelperExtension.cs: 1145 - Found 0 features of type [CoordSys] in 总装.SLDASM
2026-07-02 20:07:17,478 INFO  ExportHelperExtension.cs: 1148 - Proceeding through assembly components
2026-07-02 20:07:17,478 INFO  ExportHelperExtension.cs: 1160 - 6 components to check
2026-07-02 20:07:17,478 INFO  ExportHelperExtension.cs: 1125 - Retrieving features of type [CoordSys] from 中间连接件A-1
2026-07-02 20:07:17,478 INFO  ExportHelperExtension.cs: 1136 - Found 41 in 中间连接件A-1
2026-07-02 20:07:17,480 INFO  ExportHelperExtension.cs: 1145 - Found 0 features of type [CoordSys] in 中间连接件A-1
2026-07-02 20:07:17,480 INFO  ExportHelperExtension.cs: 1125 - Retrieving features of type [CoordSys] from 中间连接件A2-1
2026-07-02 20:07:17,480 INFO  ExportHelperExtension.cs: 1136 - Found 40 in 中间连接件A2-1
2026-07-02 20:07:17,482 INFO  ExportHelperExtension.cs: 1145 - Found 0 features of type [CoordSys] in 中间连接件A2-1
2026-07-02 20:07:17,482 INFO  ExportHelperExtension.cs: 1125 - Retrieving features of type [CoordSys] from x2激光雷达-1
2026-07-02 20:07:17,482 INFO  ExportHelperExtension.cs: 1136 - Found 23 in x2激光雷达-1
2026-07-02 20:07:17,483 INFO  ExportHelperExtension.cs: 1145 - Found 0 features of type [CoordSys] in x2激光雷达-1
2026-07-02 20:07:17,484 INFO  ExportHelperExtension.cs: 1125 - Retrieving features of type [CoordSys] from 右船体-1
2026-07-02 20:07:17,484 INFO  ExportHelperExtension.cs: 1136 - Found 39 in 右船体-1
2026-07-02 20:07:17,485 INFO  ExportHelperExtension.cs: 1145 - Found 0 features of type [CoordSys] in 右船体-1
2026-07-02 20:07:17,485 INFO  ExportHelperExtension.cs: 1125 - Retrieving features of type [CoordSys] from 激光雷达连接件-1
2026-07-02 20:07:17,487 INFO  ExportHelperExtension.cs: 1136 - Found 36 in 激光雷达连接件-1
2026-07-02 20:07:17,487 INFO  ExportHelperExtension.cs: 1145 - Found 0 features of type [CoordSys] in 激光雷达连接件-1
2026-07-02 20:07:17,489 INFO  ExportHelperExtension.cs: 1125 - Retrieving features of type [CoordSys] from 左船体-1
2026-07-02 20:07:17,490 INFO  ExportHelperExtension.cs: 1136 - Found 39 in 左船体-1
2026-07-02 20:07:17,490 INFO  ExportHelperExtension.cs: 1145 - Found 0 features of type [CoordSys] in 左船体-1
2026-07-02 20:07:17,491 INFO  ExportHelperExtension.cs: 1125 - Retrieving features of type [RefAxis] from 总装.SLDASM
2026-07-02 20:07:17,491 INFO  ExportHelperExtension.cs: 1136 - Found 48 in 总装.SLDASM
2026-07-02 20:07:17,492 INFO  ExportHelperExtension.cs: 1145 - Found 0 features of type [RefAxis] in 总装.SLDASM
2026-07-02 20:07:17,493 INFO  ExportHelperExtension.cs: 1148 - Proceeding through assembly components
2026-07-02 20:07:17,494 INFO  ExportHelperExtension.cs: 1160 - 6 components to check
2026-07-02 20:07:17,494 INFO  ExportHelperExtension.cs: 1125 - Retrieving features of type [RefAxis] from 中间连接件A-1
2026-07-02 20:07:17,495 INFO  ExportHelperExtension.cs: 1136 - Found 41 in 中间连接件A-1
2026-07-02 20:07:17,495 INFO  ExportHelperExtension.cs: 1145 - Found 0 features of type [RefAxis] in 中间连接件A-1
2026-07-02 20:07:17,496 INFO  ExportHelperExtension.cs: 1125 - Retrieving features of type [RefAxis] from 中间连接件A2-1
2026-07-02 20:07:17,497 INFO  ExportHelperExtension.cs: 1136 - Found 40 in 中间连接件A2-1
2026-07-02 20:07:17,497 INFO  ExportHelperExtension.cs: 1145 - Found 0 features of type [RefAxis] in 中间连接件A2-1
2026-07-02 20:07:17,497 INFO  ExportHelperExtension.cs: 1125 - Retrieving features of type [RefAxis] from x2激光雷达-1
2026-07-02 20:07:17,498 INFO  ExportHelperExtension.cs: 1136 - Found 23 in x2激光雷达-1
2026-07-02 20:07:17,498 INFO  ExportHelperExtension.cs: 1145 - Found 0 features of type [RefAxis] in x2激光雷达-1
2026-07-02 20:07:17,499 INFO  ExportHelperExtension.cs: 1125 - Retrieving features of type [RefAxis] from 右船体-1
2026-07-02 20:07:17,499 INFO  ExportHelperExtension.cs: 1136 - Found 39 in 右船体-1
2026-07-02 20:07:17,499 INFO  ExportHelperExtension.cs: 1145 - Found 0 features of type [RefAxis] in 右船体-1
2026-07-02 20:07:17,500 INFO  ExportHelperExtension.cs: 1125 - Retrieving features of type [RefAxis] from 激光雷达连接件-1
2026-07-02 20:07:17,500 INFO  ExportHelperExtension.cs: 1136 - Found 36 in 激光雷达连接件-1
2026-07-02 20:07:17,501 INFO  ExportHelperExtension.cs: 1145 - Found 0 features of type [RefAxis] in 激光雷达连接件-1
2026-07-02 20:07:17,501 INFO  ExportHelperExtension.cs: 1125 - Retrieving features of type [RefAxis] from 左船体-1
2026-07-02 20:07:17,502 INFO  ExportHelperExtension.cs: 1136 - Found 39 in 左船体-1
2026-07-02 20:07:17,502 INFO  ExportHelperExtension.cs: 1145 - Found 0 features of type [RefAxis] in 左船体-1
2026-07-02 20:07:17,739 INFO  SwAddin.cs: 339 - Loading config tree
2026-07-02 20:07:17,741 INFO  ExportPropertyManagerExtension.cs: 520 - Starting new configuration
2026-07-02 20:07:17,745 INFO  SwAddin.cs: 344 - Showing property manager
2026-07-02 20:08:03,261 INFO  ExportPropertyManager.cs: 422 - Configuration saved
2026-07-02 20:08:05,722 INFO  ExportHelperExtension.cs: 1125 - Retrieving features of type [CoordSys] from 总装.SLDASM
2026-07-02 20:08:05,722 INFO  ExportHelperExtension.cs: 1136 - Found 51 in 总装.SLDASM
2026-07-02 20:08:05,728 INFO  ExportHelperExtension.cs: 1145 - Found 1 features of type [CoordSys] in 总装.SLDASM
2026-07-02 20:08:05,728 INFO  ExportHelperExtension.cs: 1148 - Proceeding through assembly components
2026-07-02 20:08:05,728 INFO  ExportHelperExtension.cs: 1160 - 6 components to check
2026-07-02 20:08:05,728 INFO  ExportHelperExtension.cs: 1125 - Retrieving features of type [CoordSys] from 中间连接件A-1
2026-07-02 20:08:05,728 INFO  ExportHelperExtension.cs: 1136 - Found 41 in 中间连接件A-1
2026-07-02 20:08:05,728 INFO  ExportHelperExtension.cs: 1145 - Found 0 features of type [CoordSys] in 中间连接件A-1
2026-07-02 20:08:05,730 INFO  ExportHelperExtension.cs: 1125 - Retrieving features of type [CoordSys] from 中间连接件A2-1
2026-07-02 20:08:05,769 INFO  ExportHelperExtension.cs: 1136 - Found 40 in 中间连接件A2-1
2026-07-02 20:08:05,769 INFO  ExportHelperExtension.cs: 1145 - Found 0 features of type [CoordSys] in 中间连接件A2-1
2026-07-02 20:08:05,769 INFO  ExportHelperExtension.cs: 1125 - Retrieving features of type [CoordSys] from x2激光雷达-1
2026-07-02 20:08:05,769 INFO  ExportHelperExtension.cs: 1136 - Found 23 in x2激光雷达-1
2026-07-02 20:08:05,769 INFO  ExportHelperExtension.cs: 1145 - Found 0 features of type [CoordSys] in x2激光雷达-1
2026-07-02 20:08:05,769 INFO  ExportHelperExtension.cs: 1125 - Retrieving features of type [CoordSys] from 右船体-1
2026-07-02 20:08:05,774 INFO  ExportHelperExtension.cs: 1136 - Found 39 in 右船体-1
2026-07-02 20:08:05,774 INFO  ExportHelperExtension.cs: 1145 - Found 0 features of type [CoordSys] in 右船体-1
2026-07-02 20:08:05,774 INFO  ExportHelperExtension.cs: 1125 - Retrieving features of type [CoordSys] from 激光雷达连接件-1
2026-07-02 20:08:05,774 INFO  ExportHelperExtension.cs: 1136 - Found 36 in 激光雷达连接件-1
2026-07-02 20:08:05,774 INFO  ExportHelperExtension.cs: 1145 - Found 0 features of type [CoordSys] in 激光雷达连接件-1
2026-07-02 20:08:05,774 INFO  ExportHelperExtension.cs: 1125 - Retrieving features of type [CoordSys] from 左船体-1
2026-07-02 20:08:05,774 INFO  ExportHelperExtension.cs: 1136 - Found 39 in 左船体-1
2026-07-02 20:08:05,774 INFO  ExportHelperExtension.cs: 1145 - Found 0 features of type [CoordSys] in 左船体-1
2026-07-02 20:08:05,774 INFO  ExportHelperExtension.cs: 1125 - Retrieving features of type [RefAxis] from 总装.SLDASM
2026-07-02 20:08:05,774 INFO  ExportHelperExtension.cs: 1136 - Found 51 in 总装.SLDASM
2026-07-02 20:08:05,774 INFO  ExportHelperExtension.cs: 1145 - Found 0 features of type [RefAxis] in 总装.SLDASM
2026-07-02 20:08:05,774 INFO  ExportHelperExtension.cs: 1148 - Proceeding through assembly components
2026-07-02 20:08:05,774 INFO  ExportHelperExtension.cs: 1160 - 6 components to check
2026-07-02 20:08:05,774 INFO  ExportHelperExtension.cs: 1125 - Retrieving features of type [RefAxis] from 中间连接件A-1
2026-07-02 20:08:05,774 INFO  ExportHelperExtension.cs: 1136 - Found 41 in 中间连接件A-1
2026-07-02 20:08:05,774 INFO  ExportHelperExtension.cs: 1145 - Found 0 features of type [RefAxis] in 中间连接件A-1
2026-07-02 20:08:05,774 INFO  ExportHelperExtension.cs: 1125 - Retrieving features of type [RefAxis] from 中间连接件A2-1
2026-07-02 20:08:05,774 INFO  ExportHelperExtension.cs: 1136 - Found 40 in 中间连接件A2-1
2026-07-02 20:08:05,774 INFO  ExportHelperExtension.cs: 1145 - Found 0 features of type [RefAxis] in 中间连接件A2-1
2026-07-02 20:08:05,774 INFO  ExportHelperExtension.cs: 1125 - Retrieving features of type [RefAxis] from x2激光雷达-1
2026-07-02 20:08:05,774 INFO  ExportHelperExtension.cs: 1136 - Found 23 in x2激光雷达-1
2026-07-02 20:08:05,774 INFO  ExportHelperExtension.cs: 1145 - Found 0 features of type [RefAxis] in x2激光雷达-1
2026-07-02 20:08:05,774 INFO  ExportHelperExtension.cs: 1125 - Retrieving features of type [RefAxis] from 右船体-1
2026-07-02 20:08:05,774 INFO  ExportHelperExtension.cs: 1136 - Found 39 in 右船体-1
2026-07-02 20:08:05,774 INFO  ExportHelperExtension.cs: 1145 - Found 0 features of type [RefAxis] in 右船体-1
2026-07-02 20:08:05,774 INFO  ExportHelperExtension.cs: 1125 - Retrieving features of type [RefAxis] from 激光雷达连接件-1
2026-07-02 20:08:05,785 INFO  ExportHelperExtension.cs: 1136 - Found 36 in 激光雷达连接件-1
2026-07-02 20:08:05,785 INFO  ExportHelperExtension.cs: 1145 - Found 0 features of type [RefAxis] in 激光雷达连接件-1
2026-07-02 20:08:05,785 INFO  ExportHelperExtension.cs: 1125 - Retrieving features of type [RefAxis] from 左船体-1
2026-07-02 20:08:05,785 INFO  ExportHelperExtension.cs: 1136 - Found 39 in 左船体-1
2026-07-02 20:08:05,785 INFO  ExportHelperExtension.cs: 1145 - Found 0 features of type [RefAxis] in 左船体-1
2026-07-02 20:08:05,832 INFO  ExportPropertyManager.cs: 1142 - AfterClose called. This method no longer throws an Exception. It just silently does nothing. Ok, except for this logging message
2026-07-02 20:09:03,304 INFO  SwAddin.cs: 294 - Assembly export called for file 总装.SLDASM
2026-07-02 20:09:03,304 INFO  SwAddin.cs: 299 - Save is required
2026-07-02 20:09:03,304 INFO  SwAddin.cs: 313 - Saving assembly
2026-07-02 20:09:03,668 INFO  SwAddin.cs: 316 - Opening property manager
2026-07-02 20:09:03,668 INFO  ExportHelperExtension.cs: 1125 - Retrieving features of type [CoordSys] from 总装.SLDASM
2026-07-02 20:09:03,670 INFO  ExportHelperExtension.cs: 1136 - Found 48 in 总装.SLDASM
2026-07-02 20:09:03,671 INFO  ExportHelperExtension.cs: 1145 - Found 0 features of type [CoordSys] in 总装.SLDASM
2026-07-02 20:09:03,672 INFO  ExportHelperExtension.cs: 1148 - Proceeding through assembly components
2026-07-02 20:09:03,672 INFO  ExportHelperExtension.cs: 1160 - 6 components to check
2026-07-02 20:09:03,674 INFO  ExportHelperExtension.cs: 1125 - Retrieving features of type [CoordSys] from 中间连接件A-1
2026-07-02 20:09:03,674 INFO  ExportHelperExtension.cs: 1136 - Found 41 in 中间连接件A-1
2026-07-02 20:09:03,675 INFO  ExportHelperExtension.cs: 1145 - Found 0 features of type [CoordSys] in 中间连接件A-1
2026-07-02 20:09:03,675 INFO  ExportHelperExtension.cs: 1125 - Retrieving features of type [CoordSys] from 中间连接件A2-1
2026-07-02 20:09:03,676 INFO  ExportHelperExtension.cs: 1136 - Found 40 in 中间连接件A2-1
2026-07-02 20:09:03,676 INFO  ExportHelperExtension.cs: 1145 - Found 0 features of type [CoordSys] in 中间连接件A2-1
2026-07-02 20:09:03,677 INFO  ExportHelperExtension.cs: 1125 - Retrieving features of type [CoordSys] from x2激光雷达-1
2026-07-02 20:09:03,678 INFO  ExportHelperExtension.cs: 1136 - Found 23 in x2激光雷达-1
2026-07-02 20:09:03,678 INFO  ExportHelperExtension.cs: 1145 - Found 0 features of type [CoordSys] in x2激光雷达-1
2026-07-02 20:09:03,678 INFO  ExportHelperExtension.cs: 1125 - Retrieving features of type [CoordSys] from 右船体-1
2026-07-02 20:09:03,679 INFO  ExportHelperExtension.cs: 1136 - Found 39 in 右船体-1
2026-07-02 20:09:03,679 INFO  ExportHelperExtension.cs: 1145 - Found 0 features of type [CoordSys] in 右船体-1
2026-07-02 20:09:03,680 INFO  ExportHelperExtension.cs: 1125 - Retrieving features of type [CoordSys] from 激光雷达连接件-1
2026-07-02 20:09:03,681 INFO  ExportHelperExtension.cs: 1136 - Found 36 in 激光雷达连接件-1
2026-07-02 20:09:03,681 INFO  ExportHelperExtension.cs: 1145 - Found 0 features of type [CoordSys] in 激光雷达连接件-1
2026-07-02 20:09:03,681 INFO  ExportHelperExtension.cs: 1125 - Retrieving features of type [CoordSys] from 左船体-1
2026-07-02 20:09:03,682 INFO  ExportHelperExtension.cs: 1136 - Found 39 in 左船体-1
2026-07-02 20:09:03,683 INFO  ExportHelperExtension.cs: 1145 - Found 0 features of type [CoordSys] in 左船体-1
2026-07-02 20:09:03,683 INFO  ExportHelperExtension.cs: 1125 - Retrieving features of type [RefAxis] from 总装.SLDASM
2026-07-02 20:09:03,684 INFO  ExportHelperExtension.cs: 1136 - Found 48 in 总装.SLDASM
2026-07-02 20:09:03,685 INFO  ExportHelperExtension.cs: 1145 - Found 0 features of type [RefAxis] in 总装.SLDASM
2026-07-02 20:09:03,685 INFO  ExportHelperExtension.cs: 1148 - Proceeding through assembly components
2026-07-02 20:09:03,685 INFO  ExportHelperExtension.cs: 1160 - 6 components to check
2026-07-02 20:09:03,686 INFO  ExportHelperExtension.cs: 1125 - Retrieving features of type [RefAxis] from 中间连接件A-1
2026-07-02 20:09:03,687 INFO  ExportHelperExtension.cs: 1136 - Found 41 in 中间连接件A-1
2026-07-02 20:09:03,687 INFO  ExportHelperExtension.cs: 1145 - Found 0 features of type [RefAxis] in 中间连接件A-1
2026-07-02 20:09:03,687 INFO  ExportHelperExtension.cs: 1125 - Retrieving features of type [RefAxis] from 中间连接件A2-1
2026-07-02 20:09:03,687 INFO  ExportHelperExtension.cs: 1136 - Found 40 in 中间连接件A2-1
2026-07-02 20:09:03,689 INFO  ExportHelperExtension.cs: 1145 - Found 0 features of type [RefAxis] in 中间连接件A2-1
2026-07-02 20:09:03,689 INFO  ExportHelperExtension.cs: 1125 - Retrieving features of type [RefAxis] from x2激光雷达-1
2026-07-02 20:09:03,690 INFO  ExportHelperExtension.cs: 1136 - Found 23 in x2激光雷达-1
2026-07-02 20:09:03,690 INFO  ExportHelperExtension.cs: 1145 - Found 0 features of type [RefAxis] in x2激光雷达-1
2026-07-02 20:09:03,691 INFO  ExportHelperExtension.cs: 1125 - Retrieving features of type [RefAxis] from 右船体-1
2026-07-02 20:09:03,691 INFO  ExportHelperExtension.cs: 1136 - Found 39 in 右船体-1
2026-07-02 20:09:03,692 INFO  ExportHelperExtension.cs: 1145 - Found 0 features of type [RefAxis] in 右船体-1
2026-07-02 20:09:03,692 INFO  ExportHelperExtension.cs: 1125 - Retrieving features of type [RefAxis] from 激光雷达连接件-1
2026-07-02 20:09:03,693 INFO  ExportHelperExtension.cs: 1136 - Found 36 in 激光雷达连接件-1
2026-07-02 20:09:03,693 INFO  ExportHelperExtension.cs: 1145 - Found 0 features of type [RefAxis] in 激光雷达连接件-1
2026-07-02 20:09:03,693 INFO  ExportHelperExtension.cs: 1125 - Retrieving features of type [RefAxis] from 左船体-1
2026-07-02 20:09:03,693 INFO  ExportHelperExtension.cs: 1136 - Found 39 in 左船体-1
2026-07-02 20:09:03,695 INFO  ExportHelperExtension.cs: 1145 - Found 0 features of type [RefAxis] in 左船体-1
2026-07-02 20:09:03,821 INFO  SwAddin.cs: 339 - Loading config tree
2026-07-02 20:09:03,822 INFO  ExportPropertyManagerExtension.cs: 520 - Starting new configuration
2026-07-02 20:09:03,827 INFO  SwAddin.cs: 344 - Showing property manager
2026-07-02 20:09:39,496 INFO  ExportPropertyManager.cs: 422 - Configuration saved
2026-07-02 20:09:39,555 INFO  ExportPropertyManager.cs: 1142 - AfterClose called. This method no longer throws an Exception. It just silently does nothing. Ok, except for this logging message
2026-07-02 20:10:12,980 INFO  SwAddin.cs: 294 - Assembly export called for file 总装.SLDASM
2026-07-02 20:10:12,980 INFO  SwAddin.cs: 299 - Save is required
2026-07-02 20:10:12,980 INFO  SwAddin.cs: 313 - Saving assembly
2026-07-02 20:10:13,359 INFO  SwAddin.cs: 316 - Opening property manager
2026-07-02 20:10:13,359 INFO  ExportHelperExtension.cs: 1125 - Retrieving features of type [CoordSys] from 总装.SLDASM
2026-07-02 20:10:13,361 INFO  ExportHelperExtension.cs: 1136 - Found 48 in 总装.SLDASM
2026-07-02 20:10:13,363 INFO  ExportHelperExtension.cs: 1145 - Found 0 features of type [CoordSys] in 总装.SLDASM
2026-07-02 20:10:13,363 INFO  ExportHelperExtension.cs: 1148 - Proceeding through assembly components
2026-07-02 20:10:13,363 INFO  ExportHelperExtension.cs: 1160 - 6 components to check
2026-07-02 20:10:13,365 INFO  ExportHelperExtension.cs: 1125 - Retrieving features of type [CoordSys] from 中间连接件A-1
2026-07-02 20:10:13,417 INFO  ExportHelperExtension.cs: 1136 - Found 41 in 中间连接件A-1
2026-07-02 20:10:13,417 INFO  ExportHelperExtension.cs: 1145 - Found 0 features of type [CoordSys] in 中间连接件A-1
2026-07-02 20:10:13,419 INFO  ExportHelperExtension.cs: 1125 - Retrieving features of type [CoordSys] from 中间连接件A2-1
2026-07-02 20:10:13,419 INFO  ExportHelperExtension.cs: 1136 - Found 40 in 中间连接件A2-1
2026-07-02 20:10:13,420 INFO  ExportHelperExtension.cs: 1145 - Found 0 features of type [CoordSys] in 中间连接件A2-1
2026-07-02 20:10:13,420 INFO  ExportHelperExtension.cs: 1125 - Retrieving features of type [CoordSys] from x2激光雷达-1
2026-07-02 20:10:13,420 INFO  ExportHelperExtension.cs: 1136 - Found 23 in x2激光雷达-1
2026-07-02 20:10:13,422 INFO  ExportHelperExtension.cs: 1145 - Found 0 features of type [CoordSys] in x2激光雷达-1
2026-07-02 20:10:13,422 INFO  ExportHelperExtension.cs: 1125 - Retrieving features of type [CoordSys] from 右船体-1
2026-07-02 20:10:13,422 INFO  ExportHelperExtension.cs: 1136 - Found 39 in 右船体-1
2026-07-02 20:10:13,424 INFO  ExportHelperExtension.cs: 1145 - Found 0 features of type [CoordSys] in 右船体-1
2026-07-02 20:10:13,424 INFO  ExportHelperExtension.cs: 1125 - Retrieving features of type [CoordSys] from 激光雷达连接件-1
2026-07-02 20:10:13,426 INFO  ExportHelperExtension.cs: 1136 - Found 36 in 激光雷达连接件-1
2026-07-02 20:10:13,426 INFO  ExportHelperExtension.cs: 1145 - Found 0 features of type [CoordSys] in 激光雷达连接件-1
2026-07-02 20:10:13,428 INFO  ExportHelperExtension.cs: 1125 - Retrieving features of type [CoordSys] from 左船体-1
2026-07-02 20:10:13,428 INFO  ExportHelperExtension.cs: 1136 - Found 39 in 左船体-1
2026-07-02 20:10:13,428 INFO  ExportHelperExtension.cs: 1145 - Found 0 features of type [CoordSys] in 左船体-1
2026-07-02 20:10:13,430 INFO  ExportHelperExtension.cs: 1125 - Retrieving features of type [RefAxis] from 总装.SLDASM
2026-07-02 20:10:13,431 INFO  ExportHelperExtension.cs: 1136 - Found 48 in 总装.SLDASM
2026-07-02 20:10:13,431 INFO  ExportHelperExtension.cs: 1145 - Found 0 features of type [RefAxis] in 总装.SLDASM
2026-07-02 20:10:13,432 INFO  ExportHelperExtension.cs: 1148 - Proceeding through assembly components
2026-07-02 20:10:13,432 INFO  ExportHelperExtension.cs: 1160 - 6 components to check
2026-07-02 20:10:13,432 INFO  ExportHelperExtension.cs: 1125 - Retrieving features of type [RefAxis] from 中间连接件A-1
2026-07-02 20:10:13,433 INFO  ExportHelperExtension.cs: 1136 - Found 41 in 中间连接件A-1
2026-07-02 20:10:13,433 INFO  ExportHelperExtension.cs: 1145 - Found 0 features of type [RefAxis] in 中间连接件A-1
2026-07-02 20:10:13,434 INFO  ExportHelperExtension.cs: 1125 - Retrieving features of type [RefAxis] from 中间连接件A2-1
2026-07-02 20:10:13,435 INFO  ExportHelperExtension.cs: 1136 - Found 40 in 中间连接件A2-1
2026-07-02 20:10:13,435 INFO  ExportHelperExtension.cs: 1145 - Found 0 features of type [RefAxis] in 中间连接件A2-1
2026-07-02 20:10:13,436 INFO  ExportHelperExtension.cs: 1125 - Retrieving features of type [RefAxis] from x2激光雷达-1
2026-07-02 20:10:13,436 INFO  ExportHelperExtension.cs: 1136 - Found 23 in x2激光雷达-1
2026-07-02 20:10:13,436 INFO  ExportHelperExtension.cs: 1145 - Found 0 features of type [RefAxis] in x2激光雷达-1
2026-07-02 20:10:13,436 INFO  ExportHelperExtension.cs: 1125 - Retrieving features of type [RefAxis] from 右船体-1
2026-07-02 20:10:13,438 INFO  ExportHelperExtension.cs: 1136 - Found 39 in 右船体-1
2026-07-02 20:10:13,438 INFO  ExportHelperExtension.cs: 1145 - Found 0 features of type [RefAxis] in 右船体-1
2026-07-02 20:10:13,438 INFO  ExportHelperExtension.cs: 1125 - Retrieving features of type [RefAxis] from 激光雷达连接件-1
2026-07-02 20:10:13,440 INFO  ExportHelperExtension.cs: 1136 - Found 36 in 激光雷达连接件-1
2026-07-02 20:10:13,440 INFO  ExportHelperExtension.cs: 1145 - Found 0 features of type [RefAxis] in 激光雷达连接件-1
2026-07-02 20:10:13,440 INFO  ExportHelperExtension.cs: 1125 - Retrieving features of type [RefAxis] from 左船体-1
2026-07-02 20:10:13,440 INFO  ExportHelperExtension.cs: 1136 - Found 39 in 左船体-1
2026-07-02 20:10:13,442 INFO  ExportHelperExtension.cs: 1145 - Found 0 features of type [RefAxis] in 左船体-1
2026-07-02 20:10:13,604 INFO  SwAddin.cs: 339 - Loading config tree
2026-07-02 20:10:13,606 INFO  ExportPropertyManagerExtension.cs: 520 - Starting new configuration
2026-07-02 20:10:13,615 INFO  SwAddin.cs: 344 - Showing property manager
2026-07-02 20:10:20,973 INFO  ExportPropertyManager.cs: 416 - Configuration canceled
2026-07-02 20:10:21,021 INFO  ExportPropertyManager.cs: 1142 - AfterClose called. This method no longer throws an Exception. It just silently does nothing. Ok, except for this logging message
2026-07-02 20:10:26,770 INFO  SwAddin.cs: 294 - Assembly export called for file 总装.SLDASM
2026-07-02 20:10:27,945 INFO  SwAddin.cs: 313 - Saving assembly
2026-07-02 20:10:28,228 INFO  SwAddin.cs: 316 - Opening property manager
2026-07-02 20:10:28,282 INFO  ExportHelperExtension.cs: 1125 - Retrieving features of type [CoordSys] from 总装.SLDASM
2026-07-02 20:10:28,282 INFO  ExportHelperExtension.cs: 1136 - Found 48 in 总装.SLDASM
2026-07-02 20:10:28,285 INFO  ExportHelperExtension.cs: 1145 - Found 0 features of type [CoordSys] in 总装.SLDASM
2026-07-02 20:10:28,285 INFO  ExportHelperExtension.cs: 1148 - Proceeding through assembly components
2026-07-02 20:10:28,285 INFO  ExportHelperExtension.cs: 1160 - 6 components to check
2026-07-02 20:10:28,287 INFO  ExportHelperExtension.cs: 1125 - Retrieving features of type [CoordSys] from 中间连接件A-1
2026-07-02 20:10:28,287 INFO  ExportHelperExtension.cs: 1136 - Found 41 in 中间连接件A-1
2026-07-02 20:10:28,289 INFO  ExportHelperExtension.cs: 1145 - Found 0 features of type [CoordSys] in 中间连接件A-1
2026-07-02 20:10:28,289 INFO  ExportHelperExtension.cs: 1125 - Retrieving features of type [CoordSys] from 中间连接件A2-1
2026-07-02 20:10:28,290 INFO  ExportHelperExtension.cs: 1136 - Found 40 in 中间连接件A2-1
2026-07-02 20:10:28,290 INFO  ExportHelperExtension.cs: 1145 - Found 0 features of type [CoordSys] in 中间连接件A2-1
2026-07-02 20:10:28,291 INFO  ExportHelperExtension.cs: 1125 - Retrieving features of type [CoordSys] from x2激光雷达-1
2026-07-02 20:10:28,292 INFO  ExportHelperExtension.cs: 1136 - Found 23 in x2激光雷达-1
2026-07-02 20:10:28,293 INFO  ExportHelperExtension.cs: 1145 - Found 0 features of type [CoordSys] in x2激光雷达-1
2026-07-02 20:10:28,293 INFO  ExportHelperExtension.cs: 1125 - Retrieving features of type [CoordSys] from 右船体-1
2026-07-02 20:10:28,295 INFO  ExportHelperExtension.cs: 1136 - Found 39 in 右船体-1
2026-07-02 20:10:28,295 INFO  ExportHelperExtension.cs: 1145 - Found 0 features of type [CoordSys] in 右船体-1
2026-07-02 20:10:28,297 INFO  ExportHelperExtension.cs: 1125 - Retrieving features of type [CoordSys] from 激光雷达连接件-1
2026-07-02 20:10:28,297 INFO  ExportHelperExtension.cs: 1136 - Found 36 in 激光雷达连接件-1
2026-07-02 20:10:28,299 INFO  ExportHelperExtension.cs: 1145 - Found 0 features of type [CoordSys] in 激光雷达连接件-1
2026-07-02 20:10:28,299 INFO  ExportHelperExtension.cs: 1125 - Retrieving features of type [CoordSys] from 左船体-1
2026-07-02 20:10:28,299 INFO  ExportHelperExtension.cs: 1136 - Found 39 in 左船体-1
2026-07-02 20:10:28,301 INFO  ExportHelperExtension.cs: 1145 - Found 0 features of type [CoordSys] in 左船体-1
2026-07-02 20:10:28,301 INFO  ExportHelperExtension.cs: 1125 - Retrieving features of type [RefAxis] from 总装.SLDASM
2026-07-02 20:10:28,303 INFO  ExportHelperExtension.cs: 1136 - Found 48 in 总装.SLDASM
2026-07-02 20:10:28,303 INFO  ExportHelperExtension.cs: 1145 - Found 0 features of type [RefAxis] in 总装.SLDASM
2026-07-02 20:10:28,303 INFO  ExportHelperExtension.cs: 1148 - Proceeding through assembly components
2026-07-02 20:10:28,305 INFO  ExportHelperExtension.cs: 1160 - 6 components to check
2026-07-02 20:10:28,305 INFO  ExportHelperExtension.cs: 1125 - Retrieving features of type [RefAxis] from 中间连接件A-1
2026-07-02 20:10:28,305 INFO  ExportHelperExtension.cs: 1136 - Found 41 in 中间连接件A-1
2026-07-02 20:10:28,306 INFO  ExportHelperExtension.cs: 1145 - Found 0 features of type [RefAxis] in 中间连接件A-1
2026-07-02 20:10:28,306 INFO  ExportHelperExtension.cs: 1125 - Retrieving features of type [RefAxis] from 中间连接件A2-1
2026-07-02 20:10:28,307 INFO  ExportHelperExtension.cs: 1136 - Found 40 in 中间连接件A2-1
2026-07-02 20:10:28,308 INFO  ExportHelperExtension.cs: 1145 - Found 0 features of type [RefAxis] in 中间连接件A2-1
2026-07-02 20:10:28,308 INFO  ExportHelperExtension.cs: 1125 - Retrieving features of type [RefAxis] from x2激光雷达-1
2026-07-02 20:10:28,309 INFO  ExportHelperExtension.cs: 1136 - Found 23 in x2激光雷达-1
2026-07-02 20:10:28,309 INFO  ExportHelperExtension.cs: 1145 - Found 0 features of type [RefAxis] in x2激光雷达-1
2026-07-02 20:10:28,311 INFO  ExportHelperExtension.cs: 1125 - Retrieving features of type [RefAxis] from 右船体-1
2026-07-02 20:10:28,311 INFO  ExportHelperExtension.cs: 1136 - Found 39 in 右船体-1
2026-07-02 20:10:28,312 INFO  ExportHelperExtension.cs: 1145 - Found 0 features of type [RefAxis] in 右船体-1
2026-07-02 20:10:28,312 INFO  ExportHelperExtension.cs: 1125 - Retrieving features of type [RefAxis] from 激光雷达连接件-1
2026-07-02 20:10:28,313 INFO  ExportHelperExtension.cs: 1136 - Found 36 in 激光雷达连接件-1
2026-07-02 20:10:28,313 INFO  ExportHelperExtension.cs: 1145 - Found 0 features of type [RefAxis] in 激光雷达连接件-1
2026-07-02 20:10:28,314 INFO  ExportHelperExtension.cs: 1125 - Retrieving features of type [RefAxis] from 左船体-1
2026-07-02 20:10:28,314 INFO  ExportHelperExtension.cs: 1136 - Found 39 in 左船体-1
2026-07-02 20:10:28,314 INFO  ExportHelperExtension.cs: 1145 - Found 0 features of type [RefAxis] in 左船体-1
2026-07-02 20:10:28,360 INFO  SwAddin.cs: 339 - Loading config tree
2026-07-02 20:10:28,361 INFO  ExportPropertyManagerExtension.cs: 520 - Starting new configuration
2026-07-02 20:10:28,367 INFO  SwAddin.cs: 344 - Showing property manager
2026-07-02 20:10:51,333 INFO  ExportPropertyManager.cs: 1136 - OnNumberBoxTrackingCompleted called. This method no longer throws an Exception. It just silently does nothing. Ok, except for this logging message
2026-07-02 20:10:52,393 INFO  ExportPropertyManager.cs: 1136 - OnNumberBoxTrackingCompleted called. This method no longer throws an Exception. It just silently does nothing. Ok, except for this logging message
2026-07-02 20:10:54,366 INFO  ExportPropertyManager.cs: 1136 - OnNumberBoxTrackingCompleted called. This method no longer throws an Exception. It just silently does nothing. Ok, except for this logging message
2026-07-02 20:17:04,790 INFO  ExportPropertyManager.cs: 422 - Configuration saved
2026-07-02 20:17:04,856 INFO  ExportPropertyManager.cs: 1142 - AfterClose called. This method no longer throws an Exception. It just silently does nothing. Ok, except for this logging message
2026-07-02 20:17:55,489 INFO  SwAddin.cs: 294 - Assembly export called for file 总装.SLDASM
2026-07-02 20:17:55,489 INFO  SwAddin.cs: 299 - Save is required
2026-07-02 20:17:55,489 INFO  SwAddin.cs: 313 - Saving assembly
2026-07-02 20:17:55,874 INFO  SwAddin.cs: 316 - Opening property manager
2026-07-02 20:17:55,875 INFO  ExportHelperExtension.cs: 1125 - Retrieving features of type [CoordSys] from 总装.SLDASM
2026-07-02 20:17:55,876 INFO  ExportHelperExtension.cs: 1136 - Found 48 in 总装.SLDASM
2026-07-02 20:17:55,876 INFO  ExportHelperExtension.cs: 1145 - Found 0 features of type [CoordSys] in 总装.SLDASM
2026-07-02 20:17:55,876 INFO  ExportHelperExtension.cs: 1148 - Proceeding through assembly components
2026-07-02 20:17:55,876 INFO  ExportHelperExtension.cs: 1160 - 6 components to check
2026-07-02 20:17:55,876 INFO  ExportHelperExtension.cs: 1125 - Retrieving features of type [CoordSys] from 中间连接件A-1
2026-07-02 20:17:55,878 INFO  ExportHelperExtension.cs: 1136 - Found 41 in 中间连接件A-1
2026-07-02 20:17:55,878 INFO  ExportHelperExtension.cs: 1145 - Found 0 features of type [CoordSys] in 中间连接件A-1
2026-07-02 20:17:55,878 INFO  ExportHelperExtension.cs: 1125 - Retrieving features of type [CoordSys] from 中间连接件A2-1
2026-07-02 20:17:55,880 INFO  ExportHelperExtension.cs: 1136 - Found 40 in 中间连接件A2-1
2026-07-02 20:17:55,880 INFO  ExportHelperExtension.cs: 1145 - Found 0 features of type [CoordSys] in 中间连接件A2-1
2026-07-02 20:17:55,881 INFO  ExportHelperExtension.cs: 1125 - Retrieving features of type [CoordSys] from x2激光雷达-1
2026-07-02 20:17:55,881 INFO  ExportHelperExtension.cs: 1136 - Found 23 in x2激光雷达-1
2026-07-02 20:17:55,883 INFO  ExportHelperExtension.cs: 1145 - Found 0 features of type [CoordSys] in x2激光雷达-1
2026-07-02 20:17:55,883 INFO  ExportHelperExtension.cs: 1125 - Retrieving features of type [CoordSys] from 右船体-1
2026-07-02 20:17:55,884 INFO  ExportHelperExtension.cs: 1136 - Found 39 in 右船体-1
2026-07-02 20:17:55,884 INFO  ExportHelperExtension.cs: 1145 - Found 0 features of type [CoordSys] in 右船体-1
2026-07-02 20:17:55,884 INFO  ExportHelperExtension.cs: 1125 - Retrieving features of type [CoordSys] from 激光雷达连接件-1
2026-07-02 20:17:55,884 INFO  ExportHelperExtension.cs: 1136 - Found 36 in 激光雷达连接件-1
2026-07-02 20:17:55,886 INFO  ExportHelperExtension.cs: 1145 - Found 0 features of type [CoordSys] in 激光雷达连接件-1
2026-07-02 20:17:55,887 INFO  ExportHelperExtension.cs: 1125 - Retrieving features of type [CoordSys] from 左船体-1
2026-07-02 20:17:55,887 INFO  ExportHelperExtension.cs: 1136 - Found 39 in 左船体-1
2026-07-02 20:17:55,887 INFO  ExportHelperExtension.cs: 1145 - Found 0 features of type [CoordSys] in 左船体-1
2026-07-02 20:17:55,887 INFO  ExportHelperExtension.cs: 1125 - Retrieving features of type [RefAxis] from 总装.SLDASM
2026-07-02 20:17:55,887 INFO  ExportHelperExtension.cs: 1136 - Found 48 in 总装.SLDASM
2026-07-02 20:17:55,889 INFO  ExportHelperExtension.cs: 1145 - Found 0 features of type [RefAxis] in 总装.SLDASM
2026-07-02 20:17:55,889 INFO  ExportHelperExtension.cs: 1148 - Proceeding through assembly components
2026-07-02 20:17:55,889 INFO  ExportHelperExtension.cs: 1160 - 6 components to check
2026-07-02 20:17:55,889 INFO  ExportHelperExtension.cs: 1125 - Retrieving features of type [RefAxis] from 中间连接件A-1
2026-07-02 20:17:55,891 INFO  ExportHelperExtension.cs: 1136 - Found 41 in 中间连接件A-1
2026-07-02 20:17:55,891 INFO  ExportHelperExtension.cs: 1145 - Found 0 features of type [RefAxis] in 中间连接件A-1
2026-07-02 20:17:55,891 INFO  ExportHelperExtension.cs: 1125 - Retrieving features of type [RefAxis] from 中间连接件A2-1
2026-07-02 20:17:55,891 INFO  ExportHelperExtension.cs: 1136 - Found 40 in 中间连接件A2-1
2026-07-02 20:17:55,893 INFO  ExportHelperExtension.cs: 1145 - Found 0 features of type [RefAxis] in 中间连接件A2-1
2026-07-02 20:17:55,893 INFO  ExportHelperExtension.cs: 1125 - Retrieving features of type [RefAxis] from x2激光雷达-1
2026-07-02 20:17:55,893 INFO  ExportHelperExtension.cs: 1136 - Found 23 in x2激光雷达-1
2026-07-02 20:17:55,893 INFO  ExportHelperExtension.cs: 1145 - Found 0 features of type [RefAxis] in x2激光雷达-1
2026-07-02 20:17:55,895 INFO  ExportHelperExtension.cs: 1125 - Retrieving features of type [RefAxis] from 右船体-1
2026-07-02 20:17:55,895 INFO  ExportHelperExtension.cs: 1136 - Found 39 in 右船体-1
2026-07-02 20:17:55,895 INFO  ExportHelperExtension.cs: 1145 - Found 0 features of type [RefAxis] in 右船体-1
2026-07-02 20:17:55,895 INFO  ExportHelperExtension.cs: 1125 - Retrieving features of type [RefAxis] from 激光雷达连接件-1
2026-07-02 20:17:55,895 INFO  ExportHelperExtension.cs: 1136 - Found 36 in 激光雷达连接件-1
2026-07-02 20:17:55,897 INFO  ExportHelperExtension.cs: 1145 - Found 0 features of type [RefAxis] in 激光雷达连接件-1
2026-07-02 20:17:55,897 INFO  ExportHelperExtension.cs: 1125 - Retrieving features of type [RefAxis] from 左船体-1
2026-07-02 20:17:55,898 INFO  ExportHelperExtension.cs: 1136 - Found 39 in 左船体-1
2026-07-02 20:17:55,898 INFO  ExportHelperExtension.cs: 1145 - Found 0 features of type [RefAxis] in 左船体-1
2026-07-02 20:17:56,031 INFO  SwAddin.cs: 339 - Loading config tree
2026-07-02 20:17:56,032 INFO  ExportPropertyManagerExtension.cs: 520 - Starting new configuration
2026-07-02 20:17:56,036 INFO  SwAddin.cs: 344 - Showing property manager
2026-07-02 20:18:10,696 INFO  ExportPropertyManager.cs: 1136 - OnNumberBoxTrackingCompleted called. This method no longer throws an Exception. It just silently does nothing. Ok, except for this logging message
2026-07-02 20:18:10,956 INFO  ExportPropertyManager.cs: 1136 - OnNumberBoxTrackingCompleted called. This method no longer throws an Exception. It just silently does nothing. Ok, except for this logging message
2026-07-02 20:18:11,369 INFO  ExportPropertyManager.cs: 1136 - OnNumberBoxTrackingCompleted called. This method no longer throws an Exception. It just silently does nothing. Ok, except for this logging message
2026-07-02 20:19:11,737 INFO  ExportPropertyManager.cs: 1018 - OnComboboxSelectionChanged called. This method no longer throws an Exception. It just silently does nothing. Ok, except for this logging message
2026-07-02 20:19:45,289 INFO  ExportPropertyManager.cs: 1018 - OnComboboxSelectionChanged called. This method no longer throws an Exception. It just silently does nothing. Ok, except for this logging message
2026-07-02 20:20:14,467 INFO  ExportPropertyManager.cs: 422 - Configuration saved
2026-07-02 20:20:16,777 INFO  ExportHelperExtension.cs: 347 - Creating joint lidar
2026-07-02 20:20:16,822 INFO  ExportHelperExtension.cs: 1397 - Fixing components for zero_base_link
2026-07-02 20:20:16,822 INFO  ExportHelperExtension.cs: 1402 - Fixing 26
2026-07-02 20:20:16,825 INFO  ExportHelperExtension.cs: 1402 - Fixing 25
2026-07-02 20:20:16,826 INFO  ExportHelperExtension.cs: 1402 - Fixing 17
2026-07-02 20:20:16,826 INFO  ExportHelperExtension.cs: 1402 - Fixing 50
2026-07-02 20:20:16,826 INFO  ExportHelperExtension.cs: 1402 - Fixing 62
2026-07-02 20:20:16,827 INFO  ExportHelperExtension.cs: 1402 - Fixing 26
2026-07-02 20:20:16,828 INFO  ExportHelperExtension.cs: 1402 - Fixing 25
2026-07-02 20:20:16,828 INFO  ExportHelperExtension.cs: 1402 - Fixing 57
2026-07-02 20:20:16,828 INFO  ExportHelperExtension.cs: 1402 - Fixing 34
2026-07-02 20:20:17,176 INFO  ExportHelperExtension.cs: 832 - R1: 0, 0
2026-07-02 20:20:17,176 INFO  ExportHelperExtension.cs: 841 - R2: 0, 0
2026-07-02 20:20:17,176 INFO  ExportHelperExtension.cs: 849 - L1: 0
2026-07-02 20:20:17,176 INFO  ExportHelperExtension.cs: 857 - L2: 0
2026-07-02 20:20:17,272 INFO  ExportHelperExtension.cs: 1352 - Unfixing component 26
2026-07-02 20:20:17,272 INFO  ExportHelperExtension.cs: 1352 - Unfixing component 25
2026-07-02 20:20:17,272 INFO  ExportHelperExtension.cs: 1352 - Unfixing component 17
2026-07-02 20:20:17,279 INFO  ExportHelperExtension.cs: 1352 - Unfixing component 50
2026-07-02 20:20:17,279 INFO  ExportHelperExtension.cs: 1352 - Unfixing component 62
2026-07-02 20:20:17,279 INFO  ExportHelperExtension.cs: 1352 - Unfixing component 26
2026-07-02 20:20:17,279 INFO  ExportHelperExtension.cs: 1352 - Unfixing component 25
2026-07-02 20:20:17,279 INFO  ExportHelperExtension.cs: 1352 - Unfixing component 57
2026-07-02 20:20:17,279 INFO  ExportHelperExtension.cs: 1352 - Unfixing component 34
2026-07-02 20:20:18,725 WARN  ExportHelperExtension.cs: 351 - Creating joint from parent zero_base_link to child lidar failed
2026-07-02 20:20:19,620 INFO  ExportHelperExtension.cs: 347 - Creating joint left_motor_link
2026-07-02 20:20:19,620 INFO  ExportHelperExtension.cs: 1397 - Fixing components for zero_base_link
2026-07-02 20:20:19,620 INFO  ExportHelperExtension.cs: 1402 - Fixing 26
2026-07-02 20:20:19,620 INFO  ExportHelperExtension.cs: 1402 - Fixing 25
2026-07-02 20:20:19,620 INFO  ExportHelperExtension.cs: 1402 - Fixing 17
2026-07-02 20:20:19,620 INFO  ExportHelperExtension.cs: 1402 - Fixing 50
2026-07-02 20:20:19,620 INFO  ExportHelperExtension.cs: 1402 - Fixing 62
2026-07-02 20:20:19,620 INFO  ExportHelperExtension.cs: 1402 - Fixing 26
2026-07-02 20:20:19,620 INFO  ExportHelperExtension.cs: 1402 - Fixing 25
2026-07-02 20:20:19,620 INFO  ExportHelperExtension.cs: 1402 - Fixing 57
2026-07-02 20:20:19,620 INFO  ExportHelperExtension.cs: 1402 - Fixing 34
2026-07-02 20:20:19,929 INFO  ExportHelperExtension.cs: 832 - R1: 0, 0
2026-07-02 20:20:19,929 INFO  ExportHelperExtension.cs: 841 - R2: 0, 0
2026-07-02 20:20:19,929 INFO  ExportHelperExtension.cs: 849 - L1: 0
2026-07-02 20:20:19,929 INFO  ExportHelperExtension.cs: 857 - L2: 0
2026-07-02 20:20:19,929 INFO  ExportHelperExtension.cs: 1352 - Unfixing component 26
2026-07-02 20:20:19,929 INFO  ExportHelperExtension.cs: 1352 - Unfixing component 25
2026-07-02 20:20:19,929 INFO  ExportHelperExtension.cs: 1352 - Unfixing component 17
2026-07-02 20:20:19,929 INFO  ExportHelperExtension.cs: 1352 - Unfixing component 50
2026-07-02 20:20:19,929 INFO  ExportHelperExtension.cs: 1352 - Unfixing component 62
2026-07-02 20:20:19,929 INFO  ExportHelperExtension.cs: 1352 - Unfixing component 26
2026-07-02 20:20:19,929 INFO  ExportHelperExtension.cs: 1352 - Unfixing component 25
2026-07-02 20:20:19,929 INFO  ExportHelperExtension.cs: 1352 - Unfixing component 57
2026-07-02 20:20:19,929 INFO  ExportHelperExtension.cs: 1352 - Unfixing component 34
2026-07-02 20:20:21,229 WARN  ExportHelperExtension.cs: 351 - Creating joint from parent zero_base_link to child left_motor_link failed
2026-07-02 20:20:21,229 INFO  ExportHelperExtension.cs: 347 - Creating joint right_motor_joint
2026-07-02 20:20:21,237 INFO  ExportHelperExtension.cs: 1397 - Fixing components for zero_base_link
2026-07-02 20:20:21,237 INFO  ExportHelperExtension.cs: 1402 - Fixing 26
2026-07-02 20:20:21,237 INFO  ExportHelperExtension.cs: 1402 - Fixing 25
2026-07-02 20:20:21,237 INFO  ExportHelperExtension.cs: 1402 - Fixing 17
2026-07-02 20:20:21,237 INFO  ExportHelperExtension.cs: 1402 - Fixing 50
2026-07-02 20:20:21,237 INFO  ExportHelperExtension.cs: 1402 - Fixing 62
2026-07-02 20:20:21,237 INFO  ExportHelperExtension.cs: 1402 - Fixing 26
2026-07-02 20:20:21,239 INFO  ExportHelperExtension.cs: 1402 - Fixing 25
2026-07-02 20:20:21,239 INFO  ExportHelperExtension.cs: 1402 - Fixing 57
2026-07-02 20:20:21,239 INFO  ExportHelperExtension.cs: 1402 - Fixing 34
2026-07-02 20:20:21,542 INFO  ExportHelperExtension.cs: 832 - R1: 0, 0
2026-07-02 20:20:21,542 INFO  ExportHelperExtension.cs: 841 - R2: 0, 0
2026-07-02 20:20:21,542 INFO  ExportHelperExtension.cs: 849 - L1: 0
2026-07-02 20:20:21,542 INFO  ExportHelperExtension.cs: 857 - L2: 0
2026-07-02 20:20:21,542 INFO  ExportHelperExtension.cs: 1352 - Unfixing component 26
2026-07-02 20:20:21,542 INFO  ExportHelperExtension.cs: 1352 - Unfixing component 25
2026-07-02 20:20:21,542 INFO  ExportHelperExtension.cs: 1352 - Unfixing component 17
2026-07-02 20:20:21,542 INFO  ExportHelperExtension.cs: 1352 - Unfixing component 50
2026-07-02 20:20:21,542 INFO  ExportHelperExtension.cs: 1352 - Unfixing component 62
2026-07-02 20:20:21,542 INFO  ExportHelperExtension.cs: 1352 - Unfixing component 26
2026-07-02 20:20:21,542 INFO  ExportHelperExtension.cs: 1352 - Unfixing component 25
2026-07-02 20:20:21,542 INFO  ExportHelperExtension.cs: 1352 - Unfixing component 57
2026-07-02 20:20:21,542 INFO  ExportHelperExtension.cs: 1352 - Unfixing component 34
2026-07-02 20:20:22,869 WARN  ExportHelperExtension.cs: 351 - Creating joint from parent zero_base_link to child right_motor_joint failed
2026-07-02 20:20:22,938 INFO  ExportHelperExtension.cs: 1125 - Retrieving features of type [CoordSys] from 总装.SLDASM
2026-07-02 20:20:22,938 INFO  ExportHelperExtension.cs: 1136 - Found 54 in 总装.SLDASM
2026-07-02 20:20:22,938 INFO  ExportHelperExtension.cs: 1145 - Found 4 features of type [CoordSys] in 总装.SLDASM
2026-07-02 20:20:22,938 INFO  ExportHelperExtension.cs: 1148 - Proceeding through assembly components
2026-07-02 20:20:22,938 INFO  ExportHelperExtension.cs: 1160 - 6 components to check
2026-07-02 20:20:22,938 INFO  ExportHelperExtension.cs: 1125 - Retrieving features of type [CoordSys] from 中间连接件A-1
2026-07-02 20:20:22,938 INFO  ExportHelperExtension.cs: 1136 - Found 41 in 中间连接件A-1
2026-07-02 20:20:22,938 INFO  ExportHelperExtension.cs: 1145 - Found 0 features of type [CoordSys] in 中间连接件A-1
2026-07-02 20:20:22,938 INFO  ExportHelperExtension.cs: 1125 - Retrieving features of type [CoordSys] from 中间连接件A2-1
2026-07-02 20:20:22,938 INFO  ExportHelperExtension.cs: 1136 - Found 40 in 中间连接件A2-1
2026-07-02 20:20:22,938 INFO  ExportHelperExtension.cs: 1145 - Found 0 features of type [CoordSys] in 中间连接件A2-1
2026-07-02 20:20:22,938 INFO  ExportHelperExtension.cs: 1125 - Retrieving features of type [CoordSys] from x2激光雷达-1
2026-07-02 20:20:22,938 INFO  ExportHelperExtension.cs: 1136 - Found 23 in x2激光雷达-1
2026-07-02 20:20:22,938 INFO  ExportHelperExtension.cs: 1145 - Found 0 features of type [CoordSys] in x2激光雷达-1
2026-07-02 20:20:22,938 INFO  ExportHelperExtension.cs: 1125 - Retrieving features of type [CoordSys] from 右船体-1
2026-07-02 20:20:22,938 INFO  ExportHelperExtension.cs: 1136 - Found 39 in 右船体-1
2026-07-02 20:20:22,938 INFO  ExportHelperExtension.cs: 1145 - Found 0 features of type [CoordSys] in 右船体-1
2026-07-02 20:20:22,938 INFO  ExportHelperExtension.cs: 1125 - Retrieving features of type [CoordSys] from 激光雷达连接件-1
2026-07-02 20:20:22,938 INFO  ExportHelperExtension.cs: 1136 - Found 36 in 激光雷达连接件-1
2026-07-02 20:20:22,938 INFO  ExportHelperExtension.cs: 1145 - Found 0 features of type [CoordSys] in 激光雷达连接件-1
2026-07-02 20:20:22,948 INFO  ExportHelperExtension.cs: 1125 - Retrieving features of type [CoordSys] from 左船体-1
2026-07-02 20:20:22,948 INFO  ExportHelperExtension.cs: 1136 - Found 39 in 左船体-1
2026-07-02 20:20:22,948 INFO  ExportHelperExtension.cs: 1145 - Found 0 features of type [CoordSys] in 左船体-1
2026-07-02 20:20:22,948 INFO  ExportHelperExtension.cs: 1125 - Retrieving features of type [RefAxis] from 总装.SLDASM
2026-07-02 20:20:22,948 INFO  ExportHelperExtension.cs: 1136 - Found 54 in 总装.SLDASM
2026-07-02 20:20:22,948 INFO  ExportHelperExtension.cs: 1145 - Found 0 features of type [RefAxis] in 总装.SLDASM
2026-07-02 20:20:22,948 INFO  ExportHelperExtension.cs: 1148 - Proceeding through assembly components
2026-07-02 20:20:22,948 INFO  ExportHelperExtension.cs: 1160 - 6 components to check
2026-07-02 20:20:22,948 INFO  ExportHelperExtension.cs: 1125 - Retrieving features of type [RefAxis] from 中间连接件A-1
2026-07-02 20:20:22,952 INFO  ExportHelperExtension.cs: 1136 - Found 41 in 中间连接件A-1
2026-07-02 20:20:22,952 INFO  ExportHelperExtension.cs: 1145 - Found 0 features of type [RefAxis] in 中间连接件A-1
2026-07-02 20:20:22,952 INFO  ExportHelperExtension.cs: 1125 - Retrieving features of type [RefAxis] from 中间连接件A2-1
2026-07-02 20:20:22,952 INFO  ExportHelperExtension.cs: 1136 - Found 40 in 中间连接件A2-1
2026-07-02 20:20:22,952 INFO  ExportHelperExtension.cs: 1145 - Found 0 features of type [RefAxis] in 中间连接件A2-1
2026-07-02 20:20:22,952 INFO  ExportHelperExtension.cs: 1125 - Retrieving features of type [RefAxis] from x2激光雷达-1
2026-07-02 20:20:22,954 INFO  ExportHelperExtension.cs: 1136 - Found 23 in x2激光雷达-1
2026-07-02 20:20:22,954 INFO  ExportHelperExtension.cs: 1145 - Found 0 features of type [RefAxis] in x2激光雷达-1
2026-07-02 20:20:22,954 INFO  ExportHelperExtension.cs: 1125 - Retrieving features of type [RefAxis] from 右船体-1
2026-07-02 20:20:22,954 INFO  ExportHelperExtension.cs: 1136 - Found 39 in 右船体-1
2026-07-02 20:20:22,954 INFO  ExportHelperExtension.cs: 1145 - Found 0 features of type [RefAxis] in 右船体-1
2026-07-02 20:20:22,954 INFO  ExportHelperExtension.cs: 1125 - Retrieving features of type [RefAxis] from 激光雷达连接件-1
2026-07-02 20:20:22,980 INFO  ExportHelperExtension.cs: 1136 - Found 36 in 激光雷达连接件-1
2026-07-02 20:20:22,980 INFO  ExportHelperExtension.cs: 1145 - Found 0 features of type [RefAxis] in 激光雷达连接件-1
2026-07-02 20:20:22,980 INFO  ExportHelperExtension.cs: 1125 - Retrieving features of type [RefAxis] from 左船体-1
2026-07-02 20:20:22,985 INFO  ExportHelperExtension.cs: 1136 - Found 39 in 左船体-1
2026-07-02 20:20:22,985 INFO  ExportHelperExtension.cs: 1145 - Found 0 features of type [RefAxis] in 左船体-1
2026-07-02 20:20:23,035 INFO  ExportPropertyManager.cs: 1142 - AfterClose called. This method no longer throws an Exception. It just silently does nothing. Ok, except for this logging message
2026-07-02 20:21:12,825 INFO  AssemblyExportForm.cs: 253 - Completing URDF export
2026-07-02 20:21:12,859 INFO  ConfigurationSerialization.cs: 276 - URDF Configuration found
<Link z:Id="i1" xmlns="http://schemas.datacontract.org/2004/07/SW2URDF" xmlns:i="http://www.w3.org/2001/XMLSchema-instance" xmlns:z="http://schemas.microsoft.com/2003/10/Serialization/"><Attributes><Attribute z:Id="i2"><AttributeType>name</AttributeType><IsRequired>true</IsRequired><Value i:type="a:string" xmlns:a="http://www.w3.org/2001/XMLSchema">zero_base_link</Value></Attribute></Attributes><ChildElements><URDFElement z:Id="i3" i:type="Inertial"><Attributes/><ChildElements><URDFElement z:Id="i4" i:type="Origin"><Attributes><Attribute z:Id="i5"><AttributeType>xyz</AttributeType><IsRequired>true</IsRequired><Value i:type="a:ArrayOfdouble" xmlns:a="http://schemas.microsoft.com/2003/10/Serialization/Arrays"><a:double>0</a:double><a:double>0</a:double><a:double>0</a:double></Value></Attribute><Attribute z:Id="i6"><AttributeType>rpy</AttributeType><IsRequired>true</IsRequired><Value i:type="a:ArrayOfdouble" xmlns:a="http://schemas.microsoft.com/2003/10/Serialization/Arrays"><a:double>0</a:double><a:double>0</a:double><a:double>0</a:double></Value></Attribute></Attributes><ChildElements/><ElementName>origin</ElementName><required>false</required><RPYAttribute z:Ref="i6"/><XYZAttribute z:Ref="i5"/><isCustomized>false</isCustomized></URDFElement><URDFElement z:Id="i7" i:type="Mass"><Attributes><Attribute z:Id="i8"><AttributeType>value</AttributeType><IsRequired>true</IsRequired><Value i:type="a:double" xmlns:a="http://www.w3.org/2001/XMLSchema">0</Value></Attribute></Attributes><ChildElements/><ElementName>mass</ElementName><required>false</required><ValueAttribute z:Ref="i8"/></URDFElement><URDFElement z:Id="i9" i:type="Inertia"><Attributes><Attribute z:Id="i10"><AttributeType>ixx</AttributeType><IsRequired>true</IsRequired><Value i:type="a:double" xmlns:a="http://www.w3.org/2001/XMLSchema">0</Value></Attribute><Attribute z:Id="i11"><AttributeType>ixy</AttributeType><IsRequired>true</IsRequired><Value i:type="a:double" xmlns:a="http://www.w3.org/2001/XMLSchema">0</Value></Attribute><Attribute z:Id="i12"><AttributeType>ixz</AttributeType><IsRequired>true</IsRequired><Value i:type="a:double" xmlns:a="http://www.w3.org/2001/XMLSchema">0</Value></Attribute><Attribute z:Id="i13"><AttributeType>iyy</AttributeType><IsRequired>true</IsRequired><Value i:type="a:double" xmlns:a="http://www.w3.org/2001/XMLSchema">0</Value></Attribute><Attribute z:Id="i14"><AttributeType>iyz</AttributeType><IsRequired>true</IsRequired><Value i:type="a:double" xmlns:a="http://www.w3.org/2001/XMLSchema">0</Value></Attribute><Attribute z:Id="i15"><AttributeType>izz</AttributeType><IsRequired>true</IsRequired><Value i:type="a:double" xmlns:a="http://www.w3.org/2001/XMLSchema">0</Value></Attribute></Attributes><ChildElements/><ElementName>inertia</ElementName><required>false</required><IxxAttribute z:Ref="i10"/><IxyAttribute z:Ref="i11"/><IxzAttribute z:Ref="i12"/><IyyAttribute z:Ref="i13"/><IyzAttribute z:Ref="i14"/><IzzAttribute z:Ref="i15"/></URDFElement></ChildElements><ElementName>inertial</ElementName><required>false</required><Inertia z:Ref="i9"/><Mass z:Ref="i7"/><Origin z:Ref="i4"/></URDFElement><URDFElement z:Id="i16" i:type="Visual"><Attributes/><ChildElements><URDFElement z:Id="i17" i:type="Origin"><Attributes><Attribute z:Id="i18"><AttributeType>xyz</AttributeType><IsRequired>true</IsRequired><Value i:type="a:ArrayOfdouble" xmlns:a="http://schemas.microsoft.com/2003/10/Serialization/Arrays"><a:double>0</a:double><a:double>0</a:double><a:double>0</a:double></Value></Attribute><Attribute z:Id="i19"><AttributeType>rpy</AttributeType><IsRequired>true</IsRequired><Value i:type="a:ArrayOfdouble" xmlns:a="http://schemas.microsoft.com/2003/10/Serialization/Arrays"><a:double>0</a:double><a:double>0</a:double><a:double>0</a:double></Value></Attribute></Attributes><ChildElements/><ElementName>origin</ElementName><required>false</required><RPYAttribute z:Ref="i19"/><XYZAttribute z:Ref="i18"/><isCustomized>false</isCustomized></URDFElement><URDFElement z:Id="i20" i:type="Geometry"><Attributes/><ChildElements><URDFElement z:Id="i21" i:type="Mesh"><Attributes><Attribute z:Id="i22"><AttributeType>filename</AttributeType><IsRequired>true</IsRequired><Value i:nil="true"/></Attribute></Attributes><ChildElements/><ElementName>mesh</ElementName><required>false</required><FilenameAttribute z:Ref="i22"/></URDFElement></ChildElements><ElementName>geometry</ElementName><required>true</required><Mesh z:Ref="i21"/></URDFElement><URDFElement z:Id="i23" i:type="Material"><Attributes><Attribute z:Id="i24"><AttributeType>name</AttributeType><IsRequired>true</IsRequired><Value i:type="a:string" xmlns:a="http://www.w3.org/2001/XMLSchema"/></Attribute></Attributes><ChildElements><URDFElement z:Id="i25" i:type="Color"><Attributes><Attribute z:Id="i26"><AttributeType>rgba</AttributeType><IsRequired>true</IsRequired><Value i:type="a:ArrayOfdouble" xmlns:a="http://schemas.microsoft.com/2003/10/Serialization/Arrays"><a:double>1</a:double><a:double>1</a:double><a:double>1</a:double><a:double>1</a:double></Value></Attribute></Attributes><ChildElements/><ElementName>color</ElementName><required>false</required><RGBAAttribute z:Ref="i26"/></URDFElement><URDFElement z:Id="i27" i:type="Texture"><Attributes><Attribute z:Id="i28"><AttributeType>filename</AttributeType><IsRequired>true</IsRequired><Value i:nil="true"/></Attribute></Attributes><ChildElements/><ElementName>texture</ElementName><required>false</required><FilenameAttribute z:Ref="i28"/><wFilename/></URDFElement></ChildElements><ElementName>material</ElementName><required>false</required><Color z:Ref="i25"/><NameAttribute z:Ref="i24"/><Texture z:Ref="i27"/></URDFElement></ChildElements><ElementName>visual</ElementName><required>false</required><Geometry z:Ref="i20"/><Material z:Ref="i23"/><Origin z:Ref="i17"/></URDFElement><URDFElement z:Id="i29" i:type="Collision"><Attributes/><ChildElements><URDFElement z:Id="i30" i:type="Origin"><Attributes><Attribute z:Id="i31"><AttributeType>xyz</AttributeType><IsRequired>true</IsRequired><Value i:type="a:ArrayOfdouble" xmlns:a="http://schemas.microsoft.com/2003/10/Serialization/Arrays"><a:double>0</a:double><a:double>0</a:double><a:double>0</a:double></Value></Attribute><Attribute z:Id="i32"><AttributeType>rpy</AttributeType><IsRequired>true</IsRequired><Value i:type="a:ArrayOfdouble" xmlns:a="http://schemas.microsoft.com/2003/10/Serialization/Arrays"><a:double>0</a:double><a:double>0</a:double><a:double>0</a:double></Value></Attribute></Attributes><ChildElements/><ElementName>origin</ElementName><required>false</required><RPYAttribute z:Ref="i32"/><XYZAttribute z:Ref="i31"/><isCustomized>false</isCustomized></URDFElement><URDFElement z:Id="i33" i:type="Geometry"><Attributes/><ChildElements><URDFElement z:Id="i34" i:type="Mesh"><Attributes><Attribute z:Id="i35"><AttributeType>filename</AttributeType><IsRequired>true</IsRequired><Value i:nil="true"/></Attribute></Attributes><ChildElements/><ElementName>mesh</ElementName><required>false</required><FilenameAttribute z:Ref="i35"/></URDFElement></ChildElements><ElementName>geometry</ElementName><required>true</required><Mesh z:Ref="i34"/></URDFElement></ChildElements><ElementName>collision</ElementName><required>false</required><Geometry z:Ref="i33"/><Origin z:Ref="i30"/></URDFElement><URDFElement z:Id="i36" i:type="Joint"><Attributes><Attribute z:Id="i37"><AttributeType>name</AttributeType><IsRequired>true</IsRequired><Value i:type="a:string" xmlns:a="http://www.w3.org/2001/XMLSchema"/></Attribute><Attribute z:Id="i38"><AttributeType>type</AttributeType><IsRequired>true</IsRequired><Value i:type="a:string" xmlns:a="http://www.w3.org/2001/XMLSchema"/></Attribute></Attributes><ChildElements><URDFElement z:Id="i39" i:type="Origin"><Attributes><Attribute z:Id="i40"><AttributeType>xyz</AttributeType><IsRequired>true</IsRequired><Value i:type="a:ArrayOfdouble" xmlns:a="http://schemas.microsoft.com/2003/10/Serialization/Arrays"><a:double>0</a:double><a:double>0</a:double><a:double>0</a:double></Value></Attribute><Attribute z:Id="i41"><AttributeType>rpy</AttributeType><IsRequired>true</IsRequired><Value i:type="a:ArrayOfdouble" xmlns:a="http://schemas.microsoft.com/2003/10/Serialization/Arrays"><a:double>0</a:double><a:double>0</a:double><a:double>0</a:double></Value></Attribute></Attributes><ChildElements/><ElementName>origin</ElementName><required>false</required><RPYAttribute z:Ref="i41"/><XYZAttribute z:Ref="i40"/><isCustomized>false</isCustomized></URDFElement><URDFElement z:Id="i42" i:type="ParentLink"><Attributes><Attribute z:Id="i43"><AttributeType>link</AttributeType><IsRequired>true</IsRequired><Value i:type="a:string" xmlns:a="http://www.w3.org/2001/XMLSchema"/></Attribute></Attributes><ChildElements/><ElementName>parent</ElementName><required>true</required><NameAttribute z:Ref="i43"/></URDFElement><URDFElement z:Id="i44" i:type="ChildLink"><Attributes><Attribute z:Id="i45"><AttributeType>link</AttributeType><IsRequired>true</IsRequired><Value i:type="a:string" xmlns:a="http://www.w3.org/2001/XMLSchema"/></Attribute></Attributes><ChildElements/><ElementName>child</ElementName><required>true</required><NameAttribute z:Ref="i45"/></URDFElement><URDFElement z:Id="i46" i:type="Axis"><Attributes><Attribute z:Id="i47"><AttributeType>xyz</AttributeType><IsRequired>true</IsRequired><Value i:type="a:ArrayOfdouble" xmlns:a="http://schemas.microsoft.com/2003/10/Serialization/Arrays"><a:double>0</a:double><a:double>0</a:double><a:double>0</a:double></Value></Attribute></Attributes><ChildElements/><ElementName>axis</ElementName><required>false</required><XYZAttribute z:Ref="i47"/></URDFElement><URDFElement z:Id="i48" i:type="Limit"><Attributes><Attribute z:Id="i49"><AttributeType>lower</AttributeType><IsRequired>false</IsRequired><Value i:nil="true"/></Attribute><Attribute z:Id="i50"><AttributeType>upper</AttributeType><IsRequired>false</IsRequired><Value i:nil="true"/></Attribute><Attribute z:Id="i51"><AttributeType>effort</AttributeType><IsRequired>true</IsRequired><Value i:nil="true"/></Attribute><Attribute z:Id="i52"><AttributeType>velocity</AttributeType><IsRequired>true</IsRequired><Value i:nil="true"/></Attribute></Attributes><ChildElements/><ElementName>limit</ElementName><required>false</required><EffortAttribute z:Ref="i51"/><LowerAttribute z:Ref="i49"/><UpperAttribute z:Ref="i50"/><VelocityAttribute z:Ref="i52"/></URDFElement><URDFElement z:Id="i53" i:type="Calibration"><Attributes><Attribute z:Id="i54"><AttributeType>rising</AttributeType><IsRequired>false</IsRequired><Value i:nil="true"/></Attribute><Attribute z:Id="i55"><AttributeType>falling</AttributeType><IsRequired>false</IsRequired><Value i:nil="true"/></Attribute></Attributes><ChildElements/><ElementName>calibration</ElementName><required>false</required><FallingAttribute z:Ref="i55"/><RisingAttribute z:Ref="i54"/></URDFElement><URDFElement z:Id="i56" i:type="Dynamics"><Attributes><Attribute z:Id="i57"><AttributeType>damping</AttributeType><IsRequired>false</IsRequired><Value i:nil="true"/></Attribute><Attribute z:Id="i58"><AttributeType>friction</AttributeType><IsRequired>false</IsRequired><Value i:nil="true"/></Attribute></Attributes><ChildElements/><ElementName>dynamics</ElementName><required>false</required><DampingAttribute z:Ref="i57"/><FrictionAttribute z:Ref="i58"/></URDFElement><URDFElement z:Id="i59" i:type="SafetyController"><Attributes><Attribute z:Id="i60"><AttributeType>soft_upper_limit</AttributeType><IsRequired>false</IsRequired><Value i:nil="true"/></Attribute><Attribute z:Id="i61"><AttributeType>soft_lower_limit</AttributeType><IsRequired>false</IsRequired><Value i:nil="true"/></Attribute><Attribute z:Id="i62"><AttributeType>k_position</AttributeType><IsRequired>false</IsRequired><Value i:nil="true"/></Attribute><Attribute z:Id="i63"><AttributeType>k_velocity</AttributeType><IsRequired>true</IsRequired><Value i:nil="true"/></Attribute></Attributes><ChildElements/><ElementName>safety_controller</ElementName><required>false</required><KPositionAttribute z:Ref="i62"/><KVelocityAttribute z:Ref="i63"/><SoftLowerAttribute z:Ref="i61"/><SoftUpperAttribute z:Ref="i60"/></URDFElement><URDFElement z:Id="i64" i:type="Mimic"><Attributes><Attribute z:Id="i65"><AttributeType>joint</AttributeType><IsRequired>true</IsRequired><Value i:nil="true"/></Attribute><Attribute z:Id="i66"><AttributeType>multiplier</AttributeType><IsRequired>false</IsRequired><Value i:nil="true"/></Attribute><Attribute z:Id="i67"><AttributeType>offset</AttributeType><IsRequired>false</IsRequired><Value i:nil="true"/></Attribute></Attributes><ChildElements/><ElementName>mimic</ElementName><required>false</required><JointNameAttribute z:Ref="i65"/><MultiplierAttribute z:Ref="i66"/><OffsetAttribute z:Ref="i67"/></URDFElement></ChildElements><ElementName>joint</ElementName><required>false</required><Axis z:Ref="i46"/><AxisName/><Calibration z:Ref="i53"/><Child z:Ref="i44"/><CoordinateSystemName>Automatically Generate</CoordinateSystemName><Dynamics z:Ref="i56"/><Limit z:Ref="i48"/><Mimic z:Ref="i64"/><NameAttribute z:Ref="i37"/><Origin z:Ref="i39"/><Parent z:Ref="i42"/><Safety z:Ref="i59"/><TypeAttribute z:Ref="i38"/></URDFElement></ChildElements><ElementName>link</ElementName><required>true</required><Children><Link z:Id="i68"><Attributes><Attribute z:Id="i69"><AttributeType>name</AttributeType><IsRequired>true</IsRequired><Value i:type="a:string" xmlns:a="http://www.w3.org/2001/XMLSchema">lidar</Value></Attribute></Attributes><ChildElements><URDFElement z:Id="i70" i:type="Inertial"><Attributes/><ChildElements><URDFElement z:Id="i71" i:type="Origin"><Attributes><Attribute z:Id="i72"><AttributeType>xyz</AttributeType><IsRequired>true</IsRequired><Value i:type="a:ArrayOfdouble" xmlns:a="http://schemas.microsoft.com/2003/10/Serialization/Arrays"><a:double>0</a:double><a:double>0</a:double><a:double>0</a:double></Value></Attribute><Attribute z:Id="i73"><AttributeType>rpy</AttributeType><IsRequired>true</IsRequired><Value i:type="a:ArrayOfdouble" xmlns:a="http://schemas.microsoft.com/2003/10/Serialization/Arrays"><a:double>0</a:double><a:double>0</a:double><a:double>0</a:double></Value></Attribute></Attributes><ChildElements/><ElementName>origin</ElementName><required>false</required><RPYAttribute z:Ref="i73"/><XYZAttribute z:Ref="i72"/><isCustomized>false</isCustomized></URDFElement><URDFElement z:Id="i74" i:type="Mass"><Attributes><Attribute z:Id="i75"><AttributeType>value</AttributeType><IsRequired>true</IsRequired><Value i:type="a:double" xmlns:a="http://www.w3.org/2001/XMLSchema">0</Value></Attribute></Attributes><ChildElements/><ElementName>mass</ElementName><required>false</required><ValueAttribute z:Ref="i75"/></URDFElement><URDFElement z:Id="i76" i:type="Inertia"><Attributes><Attribute z:Id="i77"><AttributeType>ixx</AttributeType><IsRequired>true</IsRequired><Value i:type="a:double" xmlns:a="http://www.w3.org/2001/XMLSchema">0</Value></Attribute><Attribute z:Id="i78"><AttributeType>ixy</AttributeType><IsRequired>true</IsRequired><Value i:type="a:double" xmlns:a="http://www.w3.org/2001/XMLSchema">0</Value></Attribute><Attribute z:Id="i79"><AttributeType>ixz</AttributeType><IsRequired>true</IsRequired><Value i:type="a:double" xmlns:a="http://www.w3.org/2001/XMLSchema">0</Value></Attribute><Attribute z:Id="i80"><AttributeType>iyy</AttributeType><IsRequired>true</IsRequired><Value i:type="a:double" xmlns:a="http://www.w3.org/2001/XMLSchema">0</Value></Attribute><Attribute z:Id="i81"><AttributeType>iyz</AttributeType><IsRequired>true</IsRequired><Value i:type="a:double" xmlns:a="http://www.w3.org/2001/XMLSchema">0</Value></Attribute><Attribute z:Id="i82"><AttributeType>izz</AttributeType><IsRequired>true</IsRequired><Value i:type="a:double" xmlns:a="http://www.w3.org/2001/XMLSchema">0</Value></Attribute></Attributes><ChildElements/><ElementName>inertia</ElementName><required>false</required><IxxAttribute z:Ref="i77"/><IxyAttribute z:Ref="i78"/><IxzAttribute z:Ref="i79"/><IyyAttribute z:Ref="i80"/><IyzAttribute z:Ref="i81"/><IzzAttribute z:Ref="i82"/></URDFElement></ChildElements><ElementName>inertial</ElementName><required>false</required><Inertia z:Ref="i76"/><Mass z:Ref="i74"/><Origin z:Ref="i71"/></URDFElement><URDFElement z:Id="i83" i:type="Visual"><Attributes/><ChildElements><URDFElement z:Id="i84" i:type="Origin"><Attributes><Attribute z:Id="i85"><AttributeType>xyz</AttributeType><IsRequired>true</IsRequired><Value i:type="a:ArrayOfdouble" xmlns:a="http://schemas.microsoft.com/2003/10/Serialization/Arrays"><a:double>0</a:double><a:double>0</a:double><a:double>0</a:double></Value></Attribute><Attribute z:Id="i86"><AttributeType>rpy</AttributeType><IsRequired>true</IsRequired><Value i:type="a:ArrayOfdouble" xmlns:a="http://schemas.microsoft.com/2003/10/Serialization/Arrays"><a:double>0</a:double><a:double>0</a:double><a:double>0</a:double></Value></Attribute></Attributes><ChildElements/><ElementName>origin</ElementName><required>false</required><RPYAttribute z:Ref="i86"/><XYZAttribute z:Ref="i85"/><isCustomized>false</isCustomized></URDFElement><URDFElement z:Id="i87" i:type="Geometry"><Attributes/><ChildElements><URDFElement z:Id="i88" i:type="Mesh"><Attributes><Attribute z:Id="i89"><AttributeType>filename</AttributeType><IsRequired>true</IsRequired><Value i:nil="true"/></Attribute></Attributes><ChildElements/><ElementName>mesh</ElementName><required>false</required><FilenameAttribute z:Ref="i89"/></URDFElement></ChildElements><ElementName>geometry</ElementName><required>true</required><Mesh z:Ref="i88"/></URDFElement><URDFElement z:Id="i90" i:type="Material"><Attributes><Attribute z:Id="i91"><AttributeType>name</AttributeType><IsRequired>true</IsRequired><Value i:type="a:string" xmlns:a="http://www.w3.org/2001/XMLSchema"/></Attribute></Attributes><ChildElements><URDFElement z:Id="i92" i:type="Color"><Attributes><Attribute z:Id="i93"><AttributeType>rgba</AttributeType><IsRequired>true</IsRequired><Value i:type="a:ArrayOfdouble" xmlns:a="http://schemas.microsoft.com/2003/10/Serialization/Arrays"><a:double>1</a:double><a:double>1</a:double><a:double>1</a:double><a:double>1</a:double></Value></Attribute></Attributes><ChildElements/><ElementName>color</ElementName><required>false</required><RGBAAttribute z:Ref="i93"/></URDFElement><URDFElement z:Id="i94" i:type="Texture"><Attributes><Attribute z:Id="i95"><AttributeType>filename</AttributeType><IsRequired>true</IsRequired><Value i:nil="true"/></Attribute></Attributes><ChildElements/><ElementName>texture</ElementName><required>false</required><FilenameAttribute z:Ref="i95"/><wFilename/></URDFElement></ChildElements><ElementName>material</ElementName><required>false</required><Color z:Ref="i92"/><NameAttribute z:Ref="i91"/><Texture z:Ref="i94"/></URDFElement></ChildElements><ElementName>visual</ElementName><required>false</required><Geometry z:Ref="i87"/><Material z:Ref="i90"/><Origin z:Ref="i84"/></URDFElement><URDFElement z:Id="i96" i:type="Collision"><Attributes/><ChildElements><URDFElement z:Id="i97" i:type="Origin"><Attributes><Attribute z:Id="i98"><AttributeType>xyz</AttributeType><IsRequired>true</IsRequired><Value i:type="a:ArrayOfdouble" xmlns:a="http://schemas.microsoft.com/2003/10/Serialization/Arrays"><a:double>0</a:double><a:double>0</a:double><a:double>0</a:double></Value></Attribute><Attribute z:Id="i99"><AttributeType>rpy</AttributeType><IsRequired>true</IsRequired><Value i:type="a:ArrayOfdouble" xmlns:a="http://schemas.microsoft.com/2003/10/Serialization/Arrays"><a:double>0</a:double><a:double>0</a:double><a:double>0</a:double></Value></Attribute></Attributes><ChildElements/><ElementName>origin</ElementName><required>false</required><RPYAttribute z:Ref="i99"/><XYZAttribute z:Ref="i98"/><isCustomized>false</isCustomized></URDFElement><URDFElement z:Id="i100" i:type="Geometry"><Attributes/><ChildElements><URDFElement z:Id="i101" i:type="Mesh"><Attributes><Attribute z:Id="i102"><AttributeType>filename</AttributeType><IsRequired>true</IsRequired><Value i:nil="true"/></Attribute></Attributes><ChildElements/><ElementName>mesh</ElementName><required>false</required><FilenameAttribute z:Ref="i102"/></URDFElement></ChildElements><ElementName>geometry</ElementName><required>true</required><Mesh z:Ref="i101"/></URDFElement></ChildElements><ElementName>collision</ElementName><required>false</required><Geometry z:Ref="i100"/><Origin z:Ref="i97"/></URDFElement><URDFElement z:Id="i103" i:type="Joint"><Attributes><Attribute z:Id="i104"><AttributeType>name</AttributeType><IsRequired>true</IsRequired><Value i:type="a:string" xmlns:a="http://www.w3.org/2001/XMLSchema">zero_lidar_link</Value></Attribute><Attribute z:Id="i105"><AttributeType>type</AttributeType><IsRequired>true</IsRequired><Value i:type="a:string" xmlns:a="http://www.w3.org/2001/XMLSchema">fixed</Value></Attribute></Attributes><ChildElements><URDFElement z:Id="i106" i:type="Origin"><Attributes><Attribute z:Id="i107"><AttributeType>xyz</AttributeType><IsRequired>true</IsRequired><Value i:type="a:ArrayOfdouble" xmlns:a="http://schemas.microsoft.com/2003/10/Serialization/Arrays"><a:double>0</a:double><a:double>0</a:double><a:double>0</a:double></Value></Attribute><Attribute z:Id="i108"><AttributeType>rpy</AttributeType><IsRequired>true</IsRequired><Value i:type="a:ArrayOfdouble" xmlns:a="http://schemas.microsoft.com/2003/10/Serialization/Arrays"><a:double>0</a:double><a:double>0</a:double><a:double>0</a:double></Value></Attribute></Attributes><ChildElements/><ElementName>origin</ElementName><required>false</required><RPYAttribute z:Ref="i108"/><XYZAttribute z:Ref="i107"/><isCustomized>false</isCustomized></URDFElement><URDFElement z:Id="i109" i:type="ParentLink"><Attributes><Attribute z:Id="i110"><AttributeType>link</AttributeType><IsRequired>true</IsRequired><Value i:type="a:string" xmlns:a="http://www.w3.org/2001/XMLSchema"/></Attribute></Attributes><ChildElements/><ElementName>parent</ElementName><required>true</required><NameAttribute z:Ref="i110"/></URDFElement><URDFElement z:Id="i111" i:type="ChildLink"><Attributes><Attribute z:Id="i112"><AttributeType>link</AttributeType><IsRequired>true</IsRequired><Value i:type="a:string" xmlns:a="http://www.w3.org/2001/XMLSchema"/></Attribute></Attributes><ChildElements/><ElementName>child</ElementName><required>true</required><NameAttribute z:Ref="i112"/></URDFElement><URDFElement z:Id="i113" i:type="Axis"><Attributes><Attribute z:Id="i114"><AttributeType>xyz</AttributeType><IsRequired>true</IsRequired><Value i:type="a:ArrayOfdouble" xmlns:a="http://schemas.microsoft.com/2003/10/Serialization/Arrays"><a:double>0</a:double><a:double>0</a:double><a:double>0</a:double></Value></Attribute></Attributes><ChildElements/><ElementName>axis</ElementName><required>false</required><XYZAttribute z:Ref="i114"/></URDFElement><URDFElement z:Id="i115" i:type="Limit"><Attributes><Attribute z:Id="i116"><AttributeType>lower</AttributeType><IsRequired>false</IsRequired><Value i:nil="true"/></Attribute><Attribute z:Id="i117"><AttributeType>upper</AttributeType><IsRequired>false</IsRequired><Value i:nil="true"/></Attribute><Attribute z:Id="i118"><AttributeType>effort</AttributeType><IsRequired>true</IsRequired><Value i:nil="true"/></Attribute><Attribute z:Id="i119"><AttributeType>velocity</AttributeType><IsRequired>true</IsRequired><Value i:nil="true"/></Attribute></Attributes><ChildElements/><ElementName>limit</ElementName><required>false</required><EffortAttribute z:Ref="i118"/><LowerAttribute z:Ref="i116"/><UpperAttribute z:Ref="i117"/><VelocityAttribute z:Ref="i119"/></URDFElement><URDFElement z:Id="i120" i:type="Calibration"><Attributes><Attribute z:Id="i121"><AttributeType>rising</AttributeType><IsRequired>false</IsRequired><Value i:nil="true"/></Attribute><Attribute z:Id="i122"><AttributeType>falling</AttributeType><IsRequired>false</IsRequired><Value i:nil="true"/></Attribute></Attributes><ChildElements/><ElementName>calibration</ElementName><required>false</required><FallingAttribute z:Ref="i122"/><RisingAttribute z:Ref="i121"/></URDFElement><URDFElement z:Id="i123" i:type="Dynamics"><Attributes><Attribute z:Id="i124"><AttributeType>damping</AttributeType><IsRequired>false</IsRequired><Value i:nil="true"/></Attribute><Attribute z:Id="i125"><AttributeType>friction</AttributeType><IsRequired>false</IsRequired><Value i:nil="true"/></Attribute></Attributes><ChildElements/><ElementName>dynamics</ElementName><required>false</required><DampingAttribute z:Ref="i124"/><FrictionAttribute z:Ref="i125"/></URDFElement><URDFElement z:Id="i126" i:type="SafetyController"><Attributes><Attribute z:Id="i127"><AttributeType>soft_upper_limit</AttributeType><IsRequired>false</IsRequired><Value i:nil="true"/></Attribute><Attribute z:Id="i128"><AttributeType>soft_lower_limit</AttributeType><IsRequired>false</IsRequired><Value i:nil="true"/></Attribute><Attribute z:Id="i129"><AttributeType>k_position</AttributeType><IsRequired>false</IsRequired><Value i:nil="true"/></Attribute><Attribute z:Id="i130"><AttributeType>k_velocity</AttributeType><IsRequired>true</IsRequired><Value i:nil="true"/></Attribute></Attributes><ChildElements/><ElementName>safety_controller</ElementName><required>false</required><KPositionAttribute z:Ref="i129"/><KVelocityAttribute z:Ref="i130"/><SoftLowerAttribute z:Ref="i128"/><SoftUpperAttribute z:Ref="i127"/></URDFElement><URDFElement z:Id="i131" i:type="Mimic"><Attributes><Attribute z:Id="i132"><AttributeType>joint</AttributeType><IsRequired>true</IsRequired><Value i:nil="true"/></Attribute><Attribute z:Id="i133"><AttributeType>multiplier</AttributeType><IsRequired>false</IsRequired><Value i:nil="true"/></Attribute><Attribute z:Id="i134"><AttributeType>offset</AttributeType><IsRequired>false</IsRequired><Value i:nil="true"/></Attribute></Attributes><ChildElements/><ElementName>mimic</ElementName><required>false</required><JointNameAttribute z:Ref="i132"/><MultiplierAttribute z:Ref="i133"/><OffsetAttribute z:Ref="i134"/></URDFElement></ChildElements><ElementName>joint</ElementName><required>false</required><Axis z:Ref="i113"/><AxisName>Automatically Generate</AxisName><Calibration z:Ref="i120"/><Child z:Ref="i111"/><CoordinateSystemName>Automatically Generate</CoordinateSystemName><Dynamics z:Ref="i123"/><Limit z:Ref="i115"/><Mimic z:Ref="i131"/><NameAttribute z:Ref="i104"/><Origin z:Ref="i106"/><Parent z:Ref="i109"/><Safety z:Ref="i126"/><TypeAttribute z:Ref="i105"/></URDFElement></ChildElements><ElementName>link</ElementName><required>true</required><Children/><Collision z:Ref="i96"/><Inertial z:Ref="i70"/><Joint z:Ref="i103"/><NameAttribute z:Ref="i69"/><Parent z:Ref="i1"/><STLQualityFine>false</STLQualityFine><SWComponentPIDs xmlns:a="http://schemas.microsoft.com/2003/10/Serialization/Arrays"><a:base64Binary>UEYAAAUAAAD//v84eAAyAMBvSVH3lr6PLQAxAEAAO2DFiC8AeAAyAMBvSVH3lr6PLgBzAHQAZQBwAC0AMQBAAHgAMgDAb0lR95a+jy8A9pbokPZOMQAuAHMAdABlAHAALQAxAEAAeAAyAMBvSVH3lr6PLgBzAHQAZQBwAAQAAAAQAAAAAQAAAAMAAAAjAAAAEQAAABEAAAA=</a:base64Binary></SWComponentPIDs><SWMainComponentPID i:nil="true"/><Visual z:Ref="i83"/><isFixedFrame>false</isFixedFrame><isIncomplete>false</isIncomplete></Link><Link z:Id="i135"><Attributes><Attribute z:Id="i136"><AttributeType>name</AttributeType><IsRequired>true</IsRequired><Value i:type="a:string" xmlns:a="http://www.w3.org/2001/XMLSchema">left_motor_link</Value></Attribute></Attributes><ChildElements><URDFElement z:Id="i137" i:type="Inertial"><Attributes/><ChildElements><URDFElement z:Id="i138" i:type="Origin"><Attributes><Attribute z:Id="i139"><AttributeType>xyz</AttributeType><IsRequired>true</IsRequired><Value i:type="a:ArrayOfdouble" xmlns:a="http://schemas.microsoft.com/2003/10/Serialization/Arrays"><a:double>0</a:double><a:double>0</a:double><a:double>0</a:double></Value></Attribute><Attribute z:Id="i140"><AttributeType>rpy</AttributeType><IsRequired>true</IsRequired><Value i:type="a:ArrayOfdouble" xmlns:a="http://schemas.microsoft.com/2003/10/Serialization/Arrays"><a:double>0</a:double><a:double>0</a:double><a:double>0</a:double></Value></Attribute></Attributes><ChildElements/><ElementName>origin</ElementName><required>false</required><RPYAttribute z:Ref="i140"/><XYZAttribute z:Ref="i139"/><isCustomized>false</isCustomized></URDFElement><URDFElement z:Id="i141" i:type="Mass"><Attributes><Attribute z:Id="i142"><AttributeType>value</AttributeType><IsRequired>true</IsRequired><Value i:type="a:double" xmlns:a="http://www.w3.org/2001/XMLSchema">0</Value></Attribute></Attributes><ChildElements/><ElementName>mass</ElementName><required>false</required><ValueAttribute z:Ref="i142"/></URDFElement><URDFElement z:Id="i143" i:type="Inertia"><Attributes><Attribute z:Id="i144"><AttributeType>ixx</AttributeType><IsRequired>true</IsRequired><Value i:type="a:double" xmlns:a="http://www.w3.org/2001/XMLSchema">0</Value></Attribute><Attribute z:Id="i145"><AttributeType>ixy</AttributeType><IsRequired>true</IsRequired><Value i:type="a:double" xmlns:a="http://www.w3.org/2001/XMLSchema">0</Value></Attribute><Attribute z:Id="i146"><AttributeType>ixz</AttributeType><IsRequired>true</IsRequired><Value i:type="a:double" xmlns:a="http://www.w3.org/2001/XMLSchema">0</Value></Attribute><Attribute z:Id="i147"><AttributeType>iyy</AttributeType><IsRequired>true</IsRequired><Value i:type="a:double" xmlns:a="http://www.w3.org/2001/XMLSchema">0</Value></Attribute><Attribute z:Id="i148"><AttributeType>iyz</AttributeType><IsRequired>true</IsRequired><Value i:type="a:double" xmlns:a="http://www.w3.org/2001/XMLSchema">0</Value></Attribute><Attribute z:Id="i149"><AttributeType>izz</AttributeType><IsRequired>true</IsRequired><Value i:type="a:double" xmlns:a="http://www.w3.org/2001/XMLSchema">0</Value></Attribute></Attributes><ChildElements/><ElementName>inertia</ElementName><required>false</required><IxxAttribute z:Ref="i144"/><IxyAttribute z:Ref="i145"/><IxzAttribute z:Ref="i146"/><IyyAttribute z:Ref="i147"/><IyzAttribute z:Ref="i148"/><IzzAttribute z:Ref="i149"/></URDFElement></ChildElements><ElementName>inertial</ElementName><required>false</required><Inertia z:Ref="i143"/><Mass z:Ref="i141"/><Origin z:Ref="i138"/></URDFElement><URDFElement z:Id="i150" i:type="Visual"><Attributes/><ChildElements><URDFElement z:Id="i151" i:type="Origin"><Attributes><Attribute z:Id="i152"><AttributeType>xyz</AttributeType><IsRequired>true</IsRequired><Value i:type="a:ArrayOfdouble" xmlns:a="http://schemas.microsoft.com/2003/10/Serialization/Arrays"><a:double>0</a:double><a:double>0</a:double><a:double>0</a:double></Value></Attribute><Attribute z:Id="i153"><AttributeType>rpy</AttributeType><IsRequired>true</IsRequired><Value i:type="a:ArrayOfdouble" xmlns:a="http://schemas.microsoft.com/2003/10/Serialization/Arrays"><a:double>0</a:double><a:double>0</a:double><a:double>0</a:double></Value></Attribute></Attributes><ChildElements/><ElementName>origin</ElementName><required>false</required><RPYAttribute z:Ref="i153"/><XYZAttribute z:Ref="i152"/><isCustomized>false</isCustomized></URDFElement><URDFElement z:Id="i154" i:type="Geometry"><Attributes/><ChildElements><URDFElement z:Id="i155" i:type="Mesh"><Attributes><Attribute z:Id="i156"><AttributeType>filename</AttributeType><IsRequired>true</IsRequired><Value i:nil="true"/></Attribute></Attributes><ChildElements/><ElementName>mesh</ElementName><required>false</required><FilenameAttribute z:Ref="i156"/></URDFElement></ChildElements><ElementName>geometry</ElementName><required>true</required><Mesh z:Ref="i155"/></URDFElement><URDFElement z:Id="i157" i:type="Material"><Attributes><Attribute z:Id="i158"><AttributeType>name</AttributeType><IsRequired>true</IsRequired><Value i:type="a:string" xmlns:a="http://www.w3.org/2001/XMLSchema"/></Attribute></Attributes><ChildElements><URDFElement z:Id="i159" i:type="Color"><Attributes><Attribute z:Id="i160"><AttributeType>rgba</AttributeType><IsRequired>true</IsRequired><Value i:type="a:ArrayOfdouble" xmlns:a="http://schemas.microsoft.com/2003/10/Serialization/Arrays"><a:double>1</a:double><a:double>1</a:double><a:double>1</a:double><a:double>1</a:double></Value></Attribute></Attributes><ChildElements/><ElementName>color</ElementName><required>false</required><RGBAAttribute z:Ref="i160"/></URDFElement><URDFElement z:Id="i161" i:type="Texture"><Attributes><Attribute z:Id="i162"><AttributeType>filename</AttributeType><IsRequired>true</IsRequired><Value i:nil="true"/></Attribute></Attributes><ChildElements/><ElementName>texture</ElementName><required>false</required><FilenameAttribute z:Ref="i162"/><wFilename/></URDFElement></ChildElements><ElementName>material</ElementName><required>false</required><Color z:Ref="i159"/><NameAttribute z:Ref="i158"/><Texture z:Ref="i161"/></URDFElement></ChildElements><ElementName>visual</ElementName><required>false</required><Geometry z:Ref="i154"/><Material z:Ref="i157"/><Origin z:Ref="i151"/></URDFElement><URDFElement z:Id="i163" i:type="Collision"><Attributes/><ChildElements><URDFElement z:Id="i164" i:type="Origin"><Attributes><Attribute z:Id="i165"><AttributeType>xyz</AttributeType><IsRequired>true</IsRequired><Value i:type="a:ArrayOfdouble" xmlns:a="http://schemas.microsoft.com/2003/10/Serialization/Arrays"><a:double>0</a:double><a:double>0</a:double><a:double>0</a:double></Value></Attribute><Attribute z:Id="i166"><AttributeType>rpy</AttributeType><IsRequired>true</IsRequired><Value i:type="a:ArrayOfdouble" xmlns:a="http://schemas.microsoft.com/2003/10/Serialization/Arrays"><a:double>0</a:double><a:double>0</a:double><a:double>0</a:double></Value></Attribute></Attributes><ChildElements/><ElementName>origin</ElementName><required>false</required><RPYAttribute z:Ref="i166"/><XYZAttribute z:Ref="i165"/><isCustomized>false</isCustomized></URDFElement><URDFElement z:Id="i167" i:type="Geometry"><Attributes/><ChildElements><URDFElement z:Id="i168" i:type="Mesh"><Attributes><Attribute z:Id="i169"><AttributeType>filename</AttributeType><IsRequired>true</IsRequired><Value i:nil="true"/></Attribute></Attributes><ChildElements/><ElementName>mesh</ElementName><required>false</required><FilenameAttribute z:Ref="i169"/></URDFElement></ChildElements><ElementName>geometry</ElementName><required>true</required><Mesh z:Ref="i168"/></URDFElement></ChildElements><ElementName>collision</ElementName><required>false</required><Geometry z:Ref="i167"/><Origin z:Ref="i164"/></URDFElement><URDFElement z:Id="i170" i:type="Joint"><Attributes><Attribute z:Id="i171"><AttributeType>name</AttributeType><IsRequired>true</IsRequired><Value i:type="a:string" xmlns:a="http://www.w3.org/2001/XMLSchema">left_motor_link</Value></Attribute><Attribute z:Id="i172"><AttributeType>type</AttributeType><IsRequired>true</IsRequired><Value i:type="a:string" xmlns:a="http://www.w3.org/2001/XMLSchema">fixed</Value></Attribute></Attributes><ChildElements><URDFElement z:Id="i173" i:type="Origin"><Attributes><Attribute z:Id="i174"><AttributeType>xyz</AttributeType><IsRequired>true</IsRequired><Value i:type="a:ArrayOfdouble" xmlns:a="http://schemas.microsoft.com/2003/10/Serialization/Arrays"><a:double>0</a:double><a:double>0</a:double><a:double>0</a:double></Value></Attribute><Attribute z:Id="i175"><AttributeType>rpy</AttributeType><IsRequired>true</IsRequired><Value i:type="a:ArrayOfdouble" xmlns:a="http://schemas.microsoft.com/2003/10/Serialization/Arrays"><a:double>0</a:double><a:double>0</a:double><a:double>0</a:double></Value></Attribute></Attributes><ChildElements/><ElementName>origin</ElementName><required>false</required><RPYAttribute z:Ref="i175"/><XYZAttribute z:Ref="i174"/><isCustomized>false</isCustomized></URDFElement><URDFElement z:Id="i176" i:type="ParentLink"><Attributes><Attribute z:Id="i177"><AttributeType>link</AttributeType><IsRequired>true</IsRequired><Value i:type="a:string" xmlns:a="http://www.w3.org/2001/XMLSchema"/></Attribute></Attributes><ChildElements/><ElementName>parent</ElementName><required>true</required><NameAttribute z:Ref="i177"/></URDFElement><URDFElement z:Id="i178" i:type="ChildLink"><Attributes><Attribute z:Id="i179"><AttributeType>link</AttributeType><IsRequired>true</IsRequired><Value i:type="a:string" xmlns:a="http://www.w3.org/2001/XMLSchema"/></Attribute></Attributes><ChildElements/><ElementName>child</ElementName><required>true</required><NameAttribute z:Ref="i179"/></URDFElement><URDFElement z:Id="i180" i:type="Axis"><Attributes><Attribute z:Id="i181"><AttributeType>xyz</AttributeType><IsRequired>true</IsRequired><Value i:type="a:ArrayOfdouble" xmlns:a="http://schemas.microsoft.com/2003/10/Serialization/Arrays"><a:double>0</a:double><a:double>0</a:double><a:double>0</a:double></Value></Attribute></Attributes><ChildElements/><ElementName>axis</ElementName><required>false</required><XYZAttribute z:Ref="i181"/></URDFElement><URDFElement z:Id="i182" i:type="Limit"><Attributes><Attribute z:Id="i183"><AttributeType>lower</AttributeType><IsRequired>false</IsRequired><Value i:nil="true"/></Attribute><Attribute z:Id="i184"><AttributeType>upper</AttributeType><IsRequired>false</IsRequired><Value i:nil="true"/></Attribute><Attribute z:Id="i185"><AttributeType>effort</AttributeType><IsRequired>true</IsRequired><Value i:nil="true"/></Attribute><Attribute z:Id="i186"><AttributeType>velocity</AttributeType><IsRequired>true</IsRequired><Value i:nil="true"/></Attribute></Attributes><ChildElements/><ElementName>limit</ElementName><required>false</required><EffortAttribute z:Ref="i185"/><LowerAttribute z:Ref="i183"/><UpperAttribute z:Ref="i184"/><VelocityAttribute z:Ref="i186"/></URDFElement><URDFElement z:Id="i187" i:type="Calibration"><Attributes><Attribute z:Id="i188"><AttributeType>rising</AttributeType><IsRequired>false</IsRequired><Value i:nil="true"/></Attribute><Attribute z:Id="i189"><AttributeType>falling</AttributeType><IsRequired>false</IsRequired><Value i:nil="true"/></Attribute></Attributes><ChildElements/><ElementName>calibration</ElementName><required>false</required><FallingAttribute z:Ref="i189"/><RisingAttribute z:Ref="i188"/></URDFElement><URDFElement z:Id="i190" i:type="Dynamics"><Attributes><Attribute z:Id="i191"><AttributeType>damping</AttributeType><IsRequired>false</IsRequired><Value i:nil="true"/></Attribute><Attribute z:Id="i192"><AttributeType>friction</AttributeType><IsRequired>false</IsRequired><Value i:nil="true"/></Attribute></Attributes><ChildElements/><ElementName>dynamics</ElementName><required>false</required><DampingAttribute z:Ref="i191"/><FrictionAttribute z:Ref="i192"/></URDFElement><URDFElement z:Id="i193" i:type="SafetyController"><Attributes><Attribute z:Id="i194"><AttributeType>soft_upper_limit</AttributeType><IsRequired>false</IsRequired><Value i:nil="true"/></Attribute><Attribute z:Id="i195"><AttributeType>soft_lower_limit</AttributeType><IsRequired>false</IsRequired><Value i:nil="true"/></Attribute><Attribute z:Id="i196"><AttributeType>k_position</AttributeType><IsRequired>false</IsRequired><Value i:nil="true"/></Attribute><Attribute z:Id="i197"><AttributeType>k_velocity</AttributeType><IsRequired>true</IsRequired><Value i:nil="true"/></Attribute></Attributes><ChildElements/><ElementName>safety_controller</ElementName><required>false</required><KPositionAttribute z:Ref="i196"/><KVelocityAttribute z:Ref="i197"/><SoftLowerAttribute z:Ref="i195"/><SoftUpperAttribute z:Ref="i194"/></URDFElement><URDFElement z:Id="i198" i:type="Mimic"><Attributes><Attribute z:Id="i199"><AttributeType>joint</AttributeType><IsRequired>true</IsRequired><Value i:nil="true"/></Attribute><Attribute z:Id="i200"><AttributeType>multiplier</AttributeType><IsRequired>false</IsRequired><Value i:nil="true"/></Attribute><Attribute z:Id="i201"><AttributeType>offset</AttributeType><IsRequired>false</IsRequired><Value i:nil="true"/></Attribute></Attributes><ChildElements/><ElementName>mimic</ElementName><required>false</required><JointNameAttribute z:Ref="i199"/><MultiplierAttribute z:Ref="i200"/><OffsetAttribute z:Ref="i201"/></URDFElement></ChildElements><ElementName>joint</ElementName><required>false</required><Axis z:Ref="i180"/><AxisName>Automatically Generate</AxisName><Calibration z:Ref="i187"/><Child z:Ref="i178"/><CoordinateSystemName>Automatically Generate</CoordinateSystemName><Dynamics z:Ref="i190"/><Limit z:Ref="i182"/><Mimic z:Ref="i198"/><NameAttribute z:Ref="i171"/><Origin z:Ref="i173"/><Parent z:Ref="i176"/><Safety z:Ref="i193"/><TypeAttribute z:Ref="i172"/></URDFElement></ChildElements><ElementName>link</ElementName><required>true</required><Children/><Collision z:Ref="i163"/><Inertial z:Ref="i137"/><Joint z:Ref="i170"/><NameAttribute z:Ref="i136"/><Parent z:Ref="i1"/><STLQualityFine>false</STLQualityFine><SWComponentPIDs xmlns:a="http://schemas.microsoft.com/2003/10/Serialization/Arrays"><a:base64Binary>UEYAAAUAAAD//v8U5l05glNPLQAxAEAAO2DFiC8ATVIOVN6PpWP2Ti0ANABAAOZdOYJTTwQAAAAQAAAAAQAAAAIAAAAWAAAAPgAAAA==</a:base64Binary></SWComponentPIDs><SWMainComponentPID i:nil="true"/><Visual z:Ref="i150"/><isFixedFrame>false</isFixedFrame><isIncomplete>false</isIncomplete></Link><Link z:Id="i202"><Attributes><Attribute z:Id="i203"><AttributeType>name</AttributeType><IsRequired>true</IsRequired><Value i:type="a:string" xmlns:a="http://www.w3.org/2001/XMLSchema">right_motor_joint</Value></Attribute></Attributes><ChildElements><URDFElement z:Id="i204" i:type="Inertial"><Attributes/><ChildElements><URDFElement z:Id="i205" i:type="Origin"><Attributes><Attribute z:Id="i206"><AttributeType>xyz</AttributeType><IsRequired>true</IsRequired><Value i:type="a:ArrayOfdouble" xmlns:a="http://schemas.microsoft.com/2003/10/Serialization/Arrays"><a:double>0</a:double><a:double>0</a:double><a:double>0</a:double></Value></Attribute><Attribute z:Id="i207"><AttributeType>rpy</AttributeType><IsRequired>true</IsRequired><Value i:type="a:ArrayOfdouble" xmlns:a="http://schemas.microsoft.com/2003/10/Serialization/Arrays"><a:double>0</a:double><a:double>0</a:double><a:double>0</a:double></Value></Attribute></Attributes><ChildElements/><ElementName>origin</ElementName><required>false</required><RPYAttribute z:Ref="i207"/><XYZAttribute z:Ref="i206"/><isCustomized>false</isCustomized></URDFElement><URDFElement z:Id="i208" i:type="Mass"><Attributes><Attribute z:Id="i209"><AttributeType>value</AttributeType><IsRequired>true</IsRequired><Value i:type="a:double" xmlns:a="http://www.w3.org/2001/XMLSchema">0</Value></Attribute></Attributes><ChildElements/><ElementName>mass</ElementName><required>false</required><ValueAttribute z:Ref="i209"/></URDFElement><URDFElement z:Id="i210" i:type="Inertia"><Attributes><Attribute z:Id="i211"><AttributeType>ixx</AttributeType><IsRequired>true</IsRequired><Value i:type="a:double" xmlns:a="http://www.w3.org/2001/XMLSchema">0</Value></Attribute><Attribute z:Id="i212"><AttributeType>ixy</AttributeType><IsRequired>true</IsRequired><Value i:type="a:double" xmlns:a="http://www.w3.org/2001/XMLSchema">0</Value></Attribute><Attribute z:Id="i213"><AttributeType>ixz</AttributeType><IsRequired>true</IsRequired><Value i:type="a:double" xmlns:a="http://www.w3.org/2001/XMLSchema">0</Value></Attribute><Attribute z:Id="i214"><AttributeType>iyy</AttributeType><IsRequired>true</IsRequired><Value i:type="a:double" xmlns:a="http://www.w3.org/2001/XMLSchema">0</Value></Attribute><Attribute z:Id="i215"><AttributeType>iyz</AttributeType><IsRequired>true</IsRequired><Value i:type="a:double" xmlns:a="http://www.w3.org/2001/XMLSchema">0</Value></Attribute><Attribute z:Id="i216"><AttributeType>izz</AttributeType><IsRequired>true</IsRequired><Value i:type="a:double" xmlns:a="http://www.w3.org/2001/XMLSchema">0</Value></Attribute></Attributes><ChildElements/><ElementName>inertia</ElementName><required>false</required><IxxAttribute z:Ref="i211"/><IxyAttribute z:Ref="i212"/><IxzAttribute z:Ref="i213"/><IyyAttribute z:Ref="i214"/><IyzAttribute z:Ref="i215"/><IzzAttribute z:Ref="i216"/></URDFElement></ChildElements><ElementName>inertial</ElementName><required>false</required><Inertia z:Ref="i210"/><Mass z:Ref="i208"/><Origin z:Ref="i205"/></URDFElement><URDFElement z:Id="i217" i:type="Visual"><Attributes/><ChildElements><URDFElement z:Id="i218" i:type="Origin"><Attributes><Attribute z:Id="i219"><AttributeType>xyz</AttributeType><IsRequired>true</IsRequired><Value i:type="a:ArrayOfdouble" xmlns:a="http://schemas.microsoft.com/2003/10/Serialization/Arrays"><a:double>0</a:double><a:double>0</a:double><a:double>0</a:double></Value></Attribute><Attribute z:Id="i220"><AttributeType>rpy</AttributeType><IsRequired>true</IsRequired><Value i:type="a:ArrayOfdouble" xmlns:a="http://schemas.microsoft.com/2003/10/Serialization/Arrays"><a:double>0</a:double><a:double>0</a:double><a:double>0</a:double></Value></Attribute></Attributes><ChildElements/><ElementName>origin</ElementName><required>false</required><RPYAttribute z:Ref="i220"/><XYZAttribute z:Ref="i219"/><isCustomized>false</isCustomized></URDFElement><URDFElement z:Id="i221" i:type="Geometry"><Attributes/><ChildElements><URDFElement z:Id="i222" i:type="Mesh"><Attributes><Attribute z:Id="i223"><AttributeType>filename</AttributeType><IsRequired>true</IsRequired><Value i:nil="true"/></Attribute></Attributes><ChildElements/><ElementName>mesh</ElementName><required>false</required><FilenameAttribute z:Ref="i223"/></URDFElement></ChildElements><ElementName>geometry</ElementName><required>true</required><Mesh z:Ref="i222"/></URDFElement><URDFElement z:Id="i224" i:type="Material"><Attributes><Attribute z:Id="i225"><AttributeType>name</AttributeType><IsRequired>true</IsRequired><Value i:type="a:string" xmlns:a="http://www.w3.org/2001/XMLSchema"/></Attribute></Attributes><ChildElements><URDFElement z:Id="i226" i:type="Color"><Attributes><Attribute z:Id="i227"><AttributeType>rgba</AttributeType><IsRequired>true</IsRequired><Value i:type="a:ArrayOfdouble" xmlns:a="http://schemas.microsoft.com/2003/10/Serialization/Arrays"><a:double>1</a:double><a:double>1</a:double><a:double>1</a:double><a:double>1</a:double></Value></Attribute></Attributes><ChildElements/><ElementName>color</ElementName><required>false</required><RGBAAttribute z:Ref="i227"/></URDFElement><URDFElement z:Id="i228" i:type="Texture"><Attributes><Attribute z:Id="i229"><AttributeType>filename</AttributeType><IsRequired>true</IsRequired><Value i:nil="true"/></Attribute></Attributes><ChildElements/><ElementName>texture</ElementName><required>false</required><FilenameAttribute z:Ref="i229"/><wFilename/></URDFElement></ChildElements><ElementName>material</ElementName><required>false</required><Color z:Ref="i226"/><NameAttribute z:Ref="i225"/><Texture z:Ref="i228"/></URDFElement></ChildElements><ElementName>visual</ElementName><required>false</required><Geometry z:Ref="i221"/><Material z:Ref="i224"/><Origin z:Ref="i218"/></URDFElement><URDFElement z:Id="i230" i:type="Collision"><Attributes/><ChildElements><URDFElement z:Id="i231" i:type="Origin"><Attributes><Attribute z:Id="i232"><AttributeType>xyz</AttributeType><IsRequired>true</IsRequired><Value i:type="a:ArrayOfdouble" xmlns:a="http://schemas.microsoft.com/2003/10/Serialization/Arrays"><a:double>0</a:double><a:double>0</a:double><a:double>0</a:double></Value></Attribute><Attribute z:Id="i233"><AttributeType>rpy</AttributeType><IsRequired>true</IsRequired><Value i:type="a:ArrayOfdouble" xmlns:a="http://schemas.microsoft.com/2003/10/Serialization/Arrays"><a:double>0</a:double><a:double>0</a:double><a:double>0</a:double></Value></Attribute></Attributes><ChildElements/><ElementName>origin</ElementName><required>false</required><RPYAttribute z:Ref="i233"/><XYZAttribute z:Ref="i232"/><isCustomized>false</isCustomized></URDFElement><URDFElement z:Id="i234" i:type="Geometry"><Attributes/><ChildElements><URDFElement z:Id="i235" i:type="Mesh"><Attributes><Attribute z:Id="i236"><AttributeType>filename</AttributeType><IsRequired>true</IsRequired><Value i:nil="true"/></Attribute></Attributes><ChildElements/><ElementName>mesh</ElementName><required>false</required><FilenameAttribute z:Ref="i236"/></URDFElement></ChildElements><ElementName>geometry</ElementName><required>true</required><Mesh z:Ref="i235"/></URDFElement></ChildElements><ElementName>collision</ElementName><required>false</required><Geometry z:Ref="i234"/><Origin z:Ref="i231"/></URDFElement><URDFElement z:Id="i237" i:type="Joint"><Attributes><Attribute z:Id="i238"><AttributeType>name</AttributeType><IsRequired>true</IsRequired><Value i:type="a:string" xmlns:a="http://www.w3.org/2001/XMLSchema">right_motor_joint</Value></Attribute><Attribute z:Id="i239"><AttributeType>type</AttributeType><IsRequired>true</IsRequired><Value i:type="a:string" xmlns:a="http://www.w3.org/2001/XMLSchema">Automatically Detect</Value></Attribute></Attributes><ChildElements><URDFElement z:Id="i240" i:type="Origin"><Attributes><Attribute z:Id="i241"><AttributeType>xyz</AttributeType><IsRequired>true</IsRequired><Value i:type="a:ArrayOfdouble" xmlns:a="http://schemas.microsoft.com/2003/10/Serialization/Arrays"><a:double>0</a:double><a:double>0</a:double><a:double>0</a:double></Value></Attribute><Attribute z:Id="i242"><AttributeType>rpy</AttributeType><IsRequired>true</IsRequired><Value i:type="a:ArrayOfdouble" xmlns:a="http://schemas.microsoft.com/2003/10/Serialization/Arrays"><a:double>0</a:double><a:double>0</a:double><a:double>0</a:double></Value></Attribute></Attributes><ChildElements/><ElementName>origin</ElementName><required>false</required><RPYAttribute z:Ref="i242"/><XYZAttribute z:Ref="i241"/><isCustomized>false</isCustomized></URDFElement><URDFElement z:Id="i243" i:type="ParentLink"><Attributes><Attribute z:Id="i244"><AttributeType>link</AttributeType><IsRequired>true</IsRequired><Value i:type="a:string" xmlns:a="http://www.w3.org/2001/XMLSchema"/></Attribute></Attributes><ChildElements/><ElementName>parent</ElementName><required>true</required><NameAttribute z:Ref="i244"/></URDFElement><URDFElement z:Id="i245" i:type="ChildLink"><Attributes><Attribute z:Id="i246"><AttributeType>link</AttributeType><IsRequired>true</IsRequired><Value i:type="a:string" xmlns:a="http://www.w3.org/2001/XMLSchema"/></Attribute></Attributes><ChildElements/><ElementName>child</ElementName><required>true</required><NameAttribute z:Ref="i246"/></URDFElement><URDFElement z:Id="i247" i:type="Axis"><Attributes><Attribute z:Id="i248"><AttributeType>xyz</AttributeType><IsRequired>true</IsRequired><Value i:type="a:ArrayOfdouble" xmlns:a="http://schemas.microsoft.com/2003/10/Serialization/Arrays"><a:double>0</a:double><a:double>0</a:double><a:double>0</a:double></Value></Attribute></Attributes><ChildElements/><ElementName>axis</ElementName><required>false</required><XYZAttribute z:Ref="i248"/></URDFElement><URDFElement z:Id="i249" i:type="Limit"><Attributes><Attribute z:Id="i250"><AttributeType>lower</AttributeType><IsRequired>false</IsRequired><Value i:nil="true"/></Attribute><Attribute z:Id="i251"><AttributeType>upper</AttributeType><IsRequired>false</IsRequired><Value i:nil="true"/></Attribute><Attribute z:Id="i252"><AttributeType>effort</AttributeType><IsRequired>true</IsRequired><Value i:nil="true"/></Attribute><Attribute z:Id="i253"><AttributeType>velocity</AttributeType><IsRequired>true</IsRequired><Value i:nil="true"/></Attribute></Attributes><ChildElements/><ElementName>limit</ElementName><required>false</required><EffortAttribute z:Ref="i252"/><LowerAttribute z:Ref="i250"/><UpperAttribute z:Ref="i251"/><VelocityAttribute z:Ref="i253"/></URDFElement><URDFElement z:Id="i254" i:type="Calibration"><Attributes><Attribute z:Id="i255"><AttributeType>rising</AttributeType><IsRequired>false</IsRequired><Value i:nil="true"/></Attribute><Attribute z:Id="i256"><AttributeType>falling</AttributeType><IsRequired>false</IsRequired><Value i:nil="true"/></Attribute></Attributes><ChildElements/><ElementName>calibration</ElementName><required>false</required><FallingAttribute z:Ref="i256"/><RisingAttribute z:Ref="i255"/></URDFElement><URDFElement z:Id="i257" i:type="Dynamics"><Attributes><Attribute z:Id="i258"><AttributeType>damping</AttributeType><IsRequired>false</IsRequired><Value i:nil="true"/></Attribute><Attribute z:Id="i259"><AttributeType>friction</AttributeType><IsRequired>false</IsRequired><Value i:nil="true"/></Attribute></Attributes><ChildElements/><ElementName>dynamics</ElementName><required>false</required><DampingAttribute z:Ref="i258"/><FrictionAttribute z:Ref="i259"/></URDFElement><URDFElement z:Id="i260" i:type="SafetyController"><Attributes><Attribute z:Id="i261"><AttributeType>soft_upper_limit</AttributeType><IsRequired>false</IsRequired><Value i:nil="true"/></Attribute><Attribute z:Id="i262"><AttributeType>soft_lower_limit</AttributeType><IsRequired>false</IsRequired><Value i:nil="true"/></Attribute><Attribute z:Id="i263"><AttributeType>k_position</AttributeType><IsRequired>false</IsRequired><Value i:nil="true"/></Attribute><Attribute z:Id="i264"><AttributeType>k_velocity</AttributeType><IsRequired>true</IsRequired><Value i:nil="true"/></Attribute></Attributes><ChildElements/><ElementName>safety_controller</ElementName><required>false</required><KPositionAttribute z:Ref="i263"/><KVelocityAttribute z:Ref="i264"/><SoftLowerAttribute z:Ref="i262"/><SoftUpperAttribute z:Ref="i261"/></URDFElement><URDFElement z:Id="i265" i:type="Mimic"><Attributes><Attribute z:Id="i266"><AttributeType>joint</AttributeType><IsRequired>true</IsRequired><Value i:nil="true"/></Attribute><Attribute z:Id="i267"><AttributeType>multiplier</AttributeType><IsRequired>false</IsRequired><Value i:nil="true"/></Attribute><Attribute z:Id="i268"><AttributeType>offset</AttributeType><IsRequired>false</IsRequired><Value i:nil="true"/></Attribute></Attributes><ChildElements/><ElementName>mimic</ElementName><required>false</required><JointNameAttribute z:Ref="i266"/><MultiplierAttribute z:Ref="i267"/><OffsetAttribute z:Ref="i268"/></URDFElement></ChildElements><ElementName>joint</ElementName><required>false</required><Axis z:Ref="i247"/><AxisName>Automatically Generate</AxisName><Calibration z:Ref="i254"/><Child z:Ref="i245"/><CoordinateSystemName>Automatically Generate</CoordinateSystemName><Dynamics z:Ref="i257"/><Limit z:Ref="i249"/><Mimic z:Ref="i265"/><NameAttribute z:Ref="i238"/><Origin z:Ref="i240"/><Parent z:Ref="i243"/><Safety z:Ref="i260"/><TypeAttribute z:Ref="i239"/></URDFElement></ChildElements><ElementName>link</ElementName><required>true</required><Children/><Collision z:Ref="i230"/><Inertial z:Ref="i204"/><Joint z:Ref="i237"/><NameAttribute z:Ref="i203"/><Parent z:Ref="i1"/><STLQualityFine>false</STLQualityFine><SWComponentPIDs xmlns:a="http://schemas.microsoft.com/2003/10/Serialization/Arrays"><a:base64Binary>UEYAAAUAAAD//v8U81M5glNPLQAxAEAAO2DFiC8ATVIOVN6PpWP2Ti0AMwBAAPNTOYJTTwQAAAAQAAAAAQAAAAIAAAAaAAAAOQAAAA==</a:base64Binary></SWComponentPIDs><SWMainComponentPID i:nil="true"/><Visual z:Ref="i217"/><isFixedFrame>false</isFixedFrame><isIncomplete>false</isIncomplete></Link></Children><Collision z:Ref="i29"/><Inertial z:Ref="i3"/><Joint z:Ref="i36"/><NameAttribute z:Ref="i2"/><Parent i:nil="true"/><STLQualityFine>false</STLQualityFine><SWComponentPIDs xmlns:a="http://schemas.microsoft.com/2003/10/Serialization/Arrays"><a:base64Binary>UEYAAAUAAAD//v8S5l05glNPLQAxAEAAO2DFiC8AOYJTTw5ULQAxAEAA5l05glNPBAAAABAAAAABAAAAAgAAABYAAAAaAAAA</a:base64Binary><a:base64Binary>UEYAAAUAAAD//v8S5l05glNPLQAxAEAAO2DFiC8AOYJTT01SLQAxAEAA5l05glNPBAAAABAAAAABAAAAAgAAABYAAAAZAAAA</a:base64Binary><a:base64Binary>UEYAAAUAAAD//v8LLU70ld6PpWP2TkEALQAxAEAAO2DFiAQAAAAQAAAAAQAAAAEAAAARAAAA</a:base64Binary><a:base64Binary>UEYAAAUAAAD//v8MLU70ld6PpWP2TkEAMgAtADEAQAA7YMWIBAAAABAAAAABAAAAAQAAADIAAAA=</a:base64Binary><a:base64Binary>UEYAAAUAAAD//v8U81M5glNPLQAxAEAAO2DFiC8ATVIOVN6PpWP2Ti0ANABAAPNTOYJTTwQAAAAQAAAAAQAAAAIAAAAaAAAAPgAAAA==</a:base64Binary><a:base64Binary>UEYAAAUAAAD//v8S81M5glNPLQAxAEAAO2DFiC8AOYJTTw5ULQAxAEAA81M5glNPBAAAABAAAAABAAAAAgAAABoAAAAaAAAA</a:base64Binary><a:base64Binary>UEYAAAUAAAD//v8S81M5glNPLQAxAEAAO2DFiC8AOYJTT01SLQAxAEAA81M5glNPBAAAABAAAAABAAAAAgAAABoAAAAZAAAA</a:base64Binary><a:base64Binary>UEYAAAUAAAD//v8U5l05glNPLQAxAEAAO2DFiC8ATVIOVN6PpWP2Ti0AMwBAAOZdOYJTTwQAAAAQAAAAAQAAAAIAAAAWAAAAOQAAAA==</a:base64Binary><a:base64Binary>UEYAAAUAAAD//v8MwG9JUfeWvo/ej6Vj9k4tADEAQAA7YMWIBAAAABAAAAABAAAAAQAAACIAAAA=</a:base64Binary></SWComponentPIDs><SWMainComponentPID i:nil="true"/><Visual z:Ref="i16"/><isFixedFrame>false</isFixedFrame><isIncomplete>false</isIncomplete></Link>
2026-07-02 20:21:18,974 INFO  AssemblyExportForm.cs: 309 - Saving URDF package to C:\Users\cnxwz\Desktop\总装.SLDASM
2026-07-02 20:21:18,984 INFO  ExportHelper.cs: 147 - Beginning the export process
2026-07-02 20:21:18,984 INFO  ExportHelper.cs: 153 - Creating package directories with name 总装.SLDASM and save path C:\Users\cnxwz\Desktop
2026-07-02 20:21:21,018 INFO  ExportHelper.cs: 162 - Creating CMakeLists.txt at C:\Users\cnxwz\Desktop\总装.SLDASM\CMakeLists.txt
2026-07-02 20:21:21,023 INFO  ExportHelper.cs: 166 - Creating joint names config at C:\Users\cnxwz\Desktop\总装.SLDASM\config\joint_names_总装.SLDASM.yaml
2026-07-02 20:21:21,026 INFO  ExportHelper.cs: 170 - Creating package.xml at C:\Users\cnxwz\Desktop\总装.SLDASM\package.xml
2026-07-02 20:21:21,033 INFO  PackageXMLWriter.cs: 21 - Creating package.xml at C:\Users\cnxwz\Desktop\总装.SLDASM\package.xml
2026-07-02 20:21:21,041 INFO  ExportHelper.cs: 177 - Creating RVIZ launch file in C:\Users\cnxwz\Desktop\总装.SLDASM\launch\
2026-07-02 20:21:21,046 INFO  ExportHelper.cs: 182 - Creating Gazebo launch file in C:\Users\cnxwz\Desktop\总装.SLDASM\launch\
2026-07-02 20:21:21,048 INFO  ExportHelper.cs: 187 - Saving existing STL preferences
2026-07-02 20:21:21,052 INFO  ExportHelper.cs: 450 - Saving users preferences
2026-07-02 20:21:21,055 INFO  ExportHelper.cs: 190 - Modifying STL preferences
2026-07-02 20:21:21,055 INFO  ExportHelper.cs: 464 - Setting STL preferences
2026-07-02 20:21:21,066 INFO  ExportHelper.cs: 196 - Found 0 hidden components 
2026-07-02 20:21:21,068 INFO  ExportHelper.cs: 197 - Hiding all components
2026-07-02 20:21:21,184 INFO  ExportHelper.cs: 204 - Beginning individual files export
2026-07-02 20:21:21,185 INFO  ExportHelper.cs: 270 - Exporting link: zero_base_link
2026-07-02 20:21:21,185 INFO  ExportHelper.cs: 272 - Link zero_base_link has 3 children
2026-07-02 20:21:21,185 INFO  ExportHelper.cs: 270 - Exporting link: lidar
2026-07-02 20:21:21,185 INFO  ExportHelper.cs: 272 - Link lidar has 0 children
2026-07-02 20:21:21,185 INFO  ExportHelper.cs: 317 - lidar: Exporting STL with coordinate frame Origin_zero_lidar_link
2026-07-02 20:21:21,190 INFO  ExportHelper.cs: 322 - lidar: Reference geometry name 
2026-07-02 20:21:21,256 INFO  ExportHelper.cs: 330 - Saving STL to C:\Users\cnxwz\Desktop\总装.SLDASM\meshes\lidar.STL
2026-07-02 20:21:21,870 INFO  ExportHelper.cs: 405 - Removing SW header in STL file
2026-07-02 20:21:21,874 INFO  ExportHelper.cs: 270 - Exporting link: left_motor_link
2026-07-02 20:21:21,874 INFO  ExportHelper.cs: 272 - Link left_motor_link has 0 children
2026-07-02 20:21:21,874 INFO  ExportHelper.cs: 317 - left_motor_link: Exporting STL with coordinate frame Origin_left_motor_link
2026-07-02 20:21:21,874 INFO  ExportHelper.cs: 322 - left_motor_link: Reference geometry name 
2026-07-02 20:21:21,929 INFO  ExportHelper.cs: 330 - Saving STL to C:\Users\cnxwz\Desktop\总装.SLDASM\meshes\left_motor_link.STL
2026-07-02 20:21:21,976 INFO  ExportHelper.cs: 405 - Removing SW header in STL file
2026-07-02 20:21:21,979 INFO  ExportHelper.cs: 270 - Exporting link: right_motor_joint
2026-07-02 20:21:21,981 INFO  ExportHelper.cs: 272 - Link right_motor_joint has 0 children
2026-07-02 20:21:21,981 INFO  ExportHelper.cs: 317 - right_motor_joint: Exporting STL with coordinate frame Origin_right_motor_joint
2026-07-02 20:21:21,981 INFO  ExportHelper.cs: 322 - right_motor_joint: Reference geometry name 
2026-07-02 20:21:22,051 INFO  ExportHelper.cs: 330 - Saving STL to C:\Users\cnxwz\Desktop\总装.SLDASM\meshes\right_motor_joint.STL
2026-07-02 20:21:22,110 INFO  ExportHelper.cs: 405 - Removing SW header in STL file
2026-07-02 20:21:22,110 INFO  ExportHelper.cs: 317 - zero_base_link: Exporting STL with coordinate frame Origin_global
2026-07-02 20:21:22,110 INFO  ExportHelper.cs: 322 - zero_base_link: Reference geometry name 
2026-07-02 20:21:22,315 INFO  ExportHelper.cs: 330 - Saving STL to C:\Users\cnxwz\Desktop\总装.SLDASM\meshes\zero_base_link.STL
2026-07-02 20:21:23,152 INFO  ExportHelper.cs: 405 - Removing SW header in STL file
2026-07-02 20:21:23,153 INFO  ExportHelper.cs: 145 - Showing all components except previously hidden components
2026-07-02 20:21:23,423 INFO  ExportHelper.cs: 145 - Resetting STL preferences
2026-07-02 20:21:23,423 INFO  ExportHelper.cs: 478 - Returning STL preferences to user preferences
2026-07-02 20:21:23,423 INFO  ExportHelper.cs: 228 - Writing URDF file to C:\Users\cnxwz\Desktop\总装.SLDASM\urdf\总装.SLDASM.urdf
2026-07-02 20:21:23,713 INFO  CSVImportExport.cs: 32 - Writing CSV file C:\Users\cnxwz\Desktop\总装.SLDASM\urdf\总装.SLDASM.csv
2026-07-02 20:21:23,749 ERROR CSVImportExport.cs: 130 - The following columns were not written to the CSV: Link.Joint.ChildLink.link,
2026-07-02 20:21:23,749 ERROR CSVImportExport.cs: 130 - The following columns were not written to the CSV: Link.Joint.ChildLink.link,
2026-07-02 20:21:23,749 ERROR CSVImportExport.cs: 130 - The following columns were not written to the CSV: Link.Joint.ChildLink.link,
2026-07-02 20:21:23,749 ERROR CSVImportExport.cs: 130 - The following columns were not written to the CSV: Link.Joint.ChildLink.link,
2026-07-02 20:21:23,749 INFO  ExportHelper.cs: 234 - Copying log file
2026-07-02 20:21:23,761 INFO  ExportHelper.cs: 439 - Copying C:\Users\cnxwz\sw2urdf_logs\sw2urdf.log to C:\Users\cnxwz\Desktop\总装.SLDASM\export.log
